Year,Variable,Unit,Commodity,Fresh ,Processed,Total,,,,,,,,, 
1970,Fruit,Pounds,Orange,16.16,67.68,83.84,,,,,,,,,
1971,Fruit,Pounds,Orange,15.73,68.07,83.8,,,,,,,,,
1972,Fruit,Pounds,Orange,14.47,72.16,86.63,,,,,,,,,
1973,Fruit,Pounds,Orange,14.43,69.93,84.36,,,,,,,,,
1974,Fruit,Pounds,Orange,14.42,72.78,87.2,,,,,,,,,
1975,Fruit,Pounds,Orange,15.88,78.97,94.85,,,,,,,,,
1976,Fruit,Pounds,Orange,14.74,87.48,102.22,,,,,,,,,
1977,Fruit,Pounds,Orange,13.44,95.57,109.02,,,,,,,,,
1978,Fruit,Pounds,Orange,13.44,78.73,92.18,,,,,,,,,
1979,Fruit,Pounds,Orange,11.5,74.97,86.47,,,,,,,,,
1980,Fruit,Pounds,Orange,14.28,81.44,95.72,,,,,,,,,
1981,Fruit,Pounds,Orange,12.33,83.19,95.53,,,,,,,,,
1982,Fruit,Pounds,Orange,11.68,75.31,86.99,,,,,,,,,
1983,Fruit,Pounds,Orange,15.01,91.42,106.43,,,,,,,,,
1984,Fruit,Pounds,Orange,11.85,80.6,92.45,,,,,,,,,
1985,Fruit,Pounds,Orange,11.59,78.71,90.3,,,,,,,,,
1986,Fruit,Pounds,Orange,13.42,82.98,96.4,,,,,,,,,
1987,Fruit,Pounds,Orange,12.81,68.53,81.33,,,,,,,,,
1988,Fruit,Pounds,Orange,13.9,65.72,79.62,,,,,,,,,
1989,Fruit,Pounds,Orange,12.17,67.74,79.91,,,,,,,,,
1990,Fruit,Pounds,Orange,12.36,62.54,74.9,,,,,,,,,
1991,Fruit,Pounds,Orange,8.43,73.72,82.14,,,,,,,,,
1992,Fruit,Pounds,Orange,12.83,63.6,76.43,,,,,,,,,
1993,Fruit,Pounds,Orange,14.13,74.42,88.55,,,,,,,,,
1994,Fruit,Pounds,Orange,12.93,75.37,88.3,,,,,,,,,
1995,Fruit,Pounds,Orange,11.82,69.86,81.68,,,,,,,,,
1996,Fruit,Pounds,Orange,12.57,78.18,90.75,,,,,,,,,
1997,Fruit,Pounds,Orange,13.91,74.4,88.31,,,,,,,,,
1998,Fruit,Pounds,Orange,14.6,89.41,104.01,,,,,,,,,
1999,Fruit,Pounds,Orange,8.37,73.09,81.47,,,,,,,,,
2000,Fruit,Pounds,Orange,11.74,80.32,92.06,,,,,,,,,
2001,Fruit,Pounds,Orange,11.88,75.34,87.22,,,,,,,,,
2002,Fruit,Pounds,Orange,11.74,72.52,84.27,,,,,,,,,
2003,Fruit,Pounds,Orange,11.9,71.21,83.1,,,,,,,,,
2004,Fruit,Pounds,Orange,10.8,73.18,83.99,,,,,,,,,
2005,Fruit,Pounds,Orange,11.43,69.17,80.6,,,,,,,,,
2006,Fruit,Pounds,Orange,10.24,62.81,73.05,,,,,,,,,
2007,Fruit,Pounds,Orange,7.46,58,65.46,,,,,,,,,
2008,Fruit,Pounds,Orange,9.93,52.64,62.57,,,,,,,,,
2009,Fruit,Pounds,Orange,9.06,54.48,63.54,,,,,,,,,
2010,Fruit,Pounds,Orange,9.68,51.67,61.36,,,,,,,,,
2011,Fruit,Pounds,Orange,9.96,53.09,63.05,,,,,,,,,
2012,Fruit,Pounds,Orange,10.47,43.75,54.21,,,,,,,,,
2013,Fruit,Pounds,Orange,10.38,45.59,55.98,,,,,,,,,
2014,Fruit,Pounds,Orange,9.38,44.3,53.68,,,,,,,,,
2015,Fruit,Pounds,Orange,8.67,42.82,51.49,,,,,,,,,
2016,Fruit,Pounds,Orange,9.17,42.16,51.34,,,,,,,,,
2017,Fruit,Pounds,Orange,8.53,38.27,46.8,,,,,,,,,
1970,Fruit,Pounds,Tangerine,2.24,0.96,3.19,,,,,,,,,
1971,Fruit,Pounds,Tangerine,2.34,1.16,3.5,,,,,,,,,
1972,Fruit,Pounds,Tangerine,2.06,1.49,3.55,,,,,,,,,
1973,Fruit,Pounds,Tangerine,2.07,1.47,3.54,,,,,,,,,
1974,Fruit,Pounds,Tangerine,2.23,1.4,3.64,,,,,,,,,
1975,Fruit,Pounds,Tangerine,2.56,1.62,4.19,,,,,,,,,
1976,Fruit,Pounds,Tangerine,2.36,2.03,4.39,,,,,,,,,
1977,Fruit,Pounds,Tangerine,2.63,1.71,4.34,,,,,,,,,
1978,Fruit,Pounds,Tangerine,2.08,1.99,4.07,,,,,,,,,
1979,Fruit,Pounds,Tangerine,2,1.9,3.91,,,,,,,,,
1980,Fruit,Pounds,Tangerine,2.2,2.85,5.05,,,,,,,,,
1981,Fruit,Pounds,Tangerine,1.94,2.02,3.96,,,,,,,,,
1982,Fruit,Pounds,Tangerine,1.93,2.47,4.4,,,,,,,,,
1983,Fruit,Pounds,Tangerine,1.87,1.69,3.56,,,,,,,,,
1984,Fruit,Pounds,Tangerine,1.81,1.6,3.42,,,,,,,,,
1985,Fruit,Pounds,Tangerine,1.39,1.39,2.78,,,,,,,,,
1986,Fruit,Pounds,Tangerine,1.54,1.14,2.68,,,,,,,,,
1987,Fruit,Pounds,Tangerine,1.77,1.58,3.35,,,,,,,,,
1988,Fruit,Pounds,Tangerine,1.77,1.56,3.33,,,,,,,,,
1989,Fruit,Pounds,Tangerine,1.7,1.59,3.29,,,,,,,,,
1990,Fruit,Pounds,Tangerine,1.32,1.09,2.41,,,,,,,,,
1991,Fruit,Pounds,Tangerine,1.38,0.95,2.32,,,,,,,,,
1992,Fruit,Pounds,Tangerine,1.93,1,2.93,,,,,,,,,
1993,Fruit,Pounds,Tangerine,1.86,1.12,2.98,,,,,,,,,
1994,Fruit,Pounds,Tangerine,2.1,1.43,3.52,,,,,,,,,
1995,Fruit,Pounds,Tangerine,1.99,1.25,3.24,,,,,,,,,
1996,Fruit,Pounds,Tangerine,2.15,1.24,3.39,,,,,,,,,
1997,Fruit,Pounds,Tangerine,2.52,2,4.52,,,,,,,,,
1998,Fruit,Pounds,Tangerine,2.17,1.48,3.64,,,,,,,,,
1999,Fruit,Pounds,Tangerine,2.3,1.2,3.5,,,,,,,,,
2000,Fruit,Pounds,Tangerine,2.86,1.62,4.48,,,,,,,,,
2001,Fruit,Pounds,Tangerine,2.72,1.22,3.94,,,,,,,,,
2002,Fruit,Pounds,Tangerine,2.55,1.31,3.87,,,,,,,,,
2003,Fruit,Pounds,Tangerine,2.72,1.16,3.88,,,,,,,,,
2004,Fruit,Pounds,Tangerine,2.77,0.93,3.7,,,,,,,,,
2005,Fruit,Pounds,Tangerine,2.5,0.81,3.31,,,,,,,,,
2006,Fruit,Pounds,Tangerine,2.68,1.13,3.81,,,,,,,,,
2007,Fruit,Pounds,Tangerine,2.56,0.97,3.53,,,,,,,,,
2008,Fruit,Pounds,Tangerine,3.07,1.3,4.37,,,,,,,,,
2009,Fruit,Pounds,Tangerine,3.15,0.8,3.95,,,,,,,,,
2010,Fruit,Pounds,Tangerine,3.77,1.01,4.78,,,,,,,,,
2011,Fruit,Pounds,Tangerine,4.13,1.12,5.25,,,,,,,,,
2012,Fruit,Pounds,Tangerine,4.16,1.05,5.2,,,,,,,,,
2013,Fruit,Pounds,Tangerine,4.47,0.9,5.38,,,,,,,,,
2014,Fruit,Pounds,Tangerine,4.98,0.9,5.88,,,,,,,,,
2015,Fruit,Pounds,Tangerine,5.2,1.52,6.72,,,,,,,,,
2016,Fruit,Pounds,Tangerine,5.27,1.96,7.22,,,,,,,,,
2017,Fruit,Pounds,Tangerine,5.36,2.09,7.45,,,,,,,,,
1970,Fruit,Pounds,Lemons,2.06,2.17,4.22,,,,,,,,,
1971,Fruit,Pounds,Lemons,2.25,2.46,4.72,,,,,,,,,
1972,Fruit,Pounds,Lemons,1.87,2.54,4.41,,,,,,,,,
1973,Fruit,Pounds,Lemons,1.94,4,5.94,,,,,,,,,
1974,Fruit,Pounds,Lemons,2.01,2.35,4.36,,,,,,,,,
1975,Fruit,Pounds,Lemons,1.95,6.25,8.2,,,,,,,,,
1976,Fruit,Pounds,Lemons,1.89,2.31,4.21,,,,,,,,,
1977,Fruit,Pounds,Lemons,2.11,4.42,6.53,,,,,,,,,
1978,Fruit,Pounds,Lemons,2.13,4.71,6.85,,,,,,,,,
1979,Fruit,Pounds,Lemons,1.91,2.56,4.47,,,,,,,,,
1980,Fruit,Pounds,Lemons,1.92,3.33,5.25,,,,,,,,,
1981,Fruit,Pounds,Lemons,2.01,6.53,8.54,,,,,,,,,
1982,Fruit,Pounds,Lemons,2.07,4.63,6.69,,,,,,,,,
1983,Fruit,Pounds,Lemons,2.32,4.36,6.67,,,,,,,,,
1984,Fruit,Pounds,Lemons,2.16,3.02,5.18,,,,,,,,,
1985,Fruit,Pounds,Lemons,2.3,3.82,6.12,,,,,,,,,
1986,Fruit,Pounds,Lemons,2.47,2.8,5.27,,,,,,,,,
1987,Fruit,Pounds,Lemons,2.48,5.38,7.86,,,,,,,,,
1988,Fruit,Pounds,Lemons,2.47,2.67,5.15,,,,,,,,,
1989,Fruit,Pounds,Lemons,2.39,2.73,5.12,,,,,,,,,
1990,Fruit,Pounds,Lemons,2.6,3.63,6.23,,,,,,,,,
1991,Fruit,Pounds,Lemons,2.6,3.48,6.08,,,,,,,,,
1992,Fruit,Pounds,Lemons,2.53,3.21,5.74,,,,,,,,,
1993,Fruit,Pounds,Lemons,2.63,4.36,7,,,,,,,,,
1994,Fruit,Pounds,Lemons,2.65,4.74,7.39,,,,,,,,,
1995,Fruit,Pounds,Lemons,2.83,3.21,6.04,,,,,,,,,
1996,Fruit,Pounds,Lemons,2.86,4.02,6.88,,,,,,,,,
1997,Fruit,Pounds,Lemons,2.76,4.2,6.95,,,,,,,,,
1998,Fruit,Pounds,Lemons,2.46,4.31,6.77,,,,,,,,,
1999,Fruit,Pounds,Lemons,2.61,3.01,5.62,,,,,,,,,
2000,Fruit,Pounds,Lemons,2.44,3.91,6.35,,,,,,,,,
2001,Fruit,Pounds,Lemons,2.97,5.24,8.21,,,,,,,,,
2002,Fruit,Pounds,Lemons,3.34,3.3,6.63,,,,,,,,,
2003,Fruit,Pounds,Lemons,3.33,5.35,8.68,,,,,,,,,
2004,Fruit,Pounds,Lemons,3.12,3.36,6.49,,,,,,,,,
2005,Fruit,Pounds,Lemons,2.95,4.25,7.19,,,,,,,,,
2006,Fruit,Pounds,Lemons,4.15,3.77,7.92,,,,,,,,,
2007,Fruit,Pounds,Lemons,2.81,3.62,6.42,,,,,,,,,
2008,Fruit,Pounds,Lemons,1.97,3.2,5.17,,,,,,,,,
2009,Fruit,Pounds,Lemons,3.12,4.23,7.35,,,,,,,,,
2010,Fruit,Pounds,Lemons,2.79,3.95,6.74,,,,,,,,,
2011,Fruit,Pounds,Lemons,3.46,5.12,8.58,,,,,,,,,
2012,Fruit,Pounds,Lemons,3.94,3.98,7.92,,,,,,,,,
2013,Fruit,Pounds,Lemons,3.48,4.55,8.02,,,,,,,,,
2014,Fruit,Pounds,Lemons,3.42,3.73,7.15,,,,,,,,,
2015,Fruit,Pounds,Lemons,3.6,5.23,8.83,,,,,,,,,
2016,Fruit,Pounds,Lemons,4.15,5.04,9.19,,,,,,,,,
2017,Fruit,Pounds,Lemons,4.32,5.55,9.87,,,,,,,,,
1970,Fruit,Pounds,Limes,0.17,0.15,0.32,,,,,,,,,
1971,Fruit,Pounds,Limes,0.17,0.2,0.37,,,,,,,,,
1972,Fruit,Pounds,Limes,0.21,0.27,0.48,,,,,,,,,
1973,Fruit,Pounds,Limes,0.21,0.25,0.46,,,,,,,,,
1974,Fruit,Pounds,Limes,0.2,0.23,0.43,,,,,,,,,
1975,Fruit,Pounds,Limes,0.22,0.25,0.47,,,,,,,,,
1976,Fruit,Pounds,Limes,0.25,0.2,0.45,,,,,,,,,
1977,Fruit,Pounds,Limes,0.23,0.19,0.43,,,,,,,,,
1978,Fruit,Pounds,Limes,0.22,0.05,0.27,,,,,,,,,
1979,Fruit,Pounds,Limes,0.27,0.1,0.37,,,,,,,,,
1980,Fruit,Pounds,Limes,0.36,0.19,0.54,,,,,,,,,
1981,Fruit,Pounds,Limes,0.42,0.19,0.61,,,,,,,,,
1982,Fruit,Pounds,Limes,0.38,0.26,0.64,,,,,,,,,
1983,Fruit,Pounds,Limes,0.52,0.27,0.79,,,,,,,,,
1984,Fruit,Pounds,Limes,0.45,0.23,0.68,,,,,,,,,
1985,Fruit,Pounds,Limes,0.56,0.29,0.85,,,,,,,,,
1986,Fruit,Pounds,Limes,0.58,0.39,0.97,,,,,,,,,
1987,Fruit,Pounds,Limes,0.51,0.38,0.89,,,,,,,,,
1988,Fruit,Pounds,Limes,0.56,0.19,0.75,,,,,,,,,
1989,Fruit,Pounds,Limes,0.69,0.25,0.94,,,,,,,,,
1990,Fruit,Pounds,Limes,0.66,0.57,1.23,,,,,,,,,
1991,Fruit,Pounds,Limes,0.75,0.47,1.23,,,,,,,,,
1992,Fruit,Pounds,Limes,1.02,0.39,1.41,,,,,,,,,
1993,Fruit,Pounds,Limes,0.95,0.19,1.15,,,,,,,,,
1994,Fruit,Pounds,Limes,0.97,0.23,1.2,,,,,,,,,
1995,Fruit,Pounds,Limes,1.18,0.51,1.69,,,,,,,,,
1996,Fruit,Pounds,Limes,1.14,0.28,1.42,,,,,,,,,
1997,Fruit,Pounds,Limes,1.15,0.49,1.64,,,,,,,,,
1998,Fruit,Pounds,Limes,1.4,0.23,1.63,,,,,,,,,
1999,Fruit,Pounds,Limes,1.33,0.22,1.55,,,,,,,,,
2000,Fruit,Pounds,Limes,1.39,0.5,1.89,,,,,,,,,
2001,Fruit,Pounds,Limes,1.5,0.55,2.05,,,,,,,,,
2002,Fruit,Pounds,Limes,1.1,0.35,1.45,,,,,,,,,
2003,Fruit,Pounds,Limes,1.77,0.31,2.08,,,,,,,,,
2004,Fruit,Pounds,Limes,1.85,0.69,2.54,,,,,,,,,
2005,Fruit,Pounds,Limes,2.09,0.68,2.77,,,,,,,,,
2006,Fruit,Pounds,Limes,2.26,0.82,3.07,,,,,,,,,
2007,Fruit,Pounds,Limes,2.27,0.58,2.85,,,,,,,,,
2008,Fruit,Pounds,Limes,2.48,0.74,3.22,,,,,,,,,
2009,Fruit,Pounds,Limes,2.55,1.07,3.62,,,,,,,,,
2010,Fruit,Pounds,Limes,2.57,0.95,3.52,,,,,,,,,
2011,Fruit,Pounds,Limes,2.5,1.04,3.55,,,,,,,,,
2012,Fruit,Pounds,Limes,2.57,1.17,3.74,,,,,,,,,
2013,Fruit,Pounds,Limes,2.96,1.03,3.99,,,,,,,,,
2014,Fruit,Pounds,Limes,3.07,0.95,4.02,,,,,,,,,
2015,Fruit,Pounds,Limes,3.01,0.96,3.98,,,,,,,,,
2016,Fruit,Pounds,Limes,3.48,0.87,4.34,,,,,,,,,
2017,Fruit,Pounds,Limes,3.75,0.98,4.73,,,,,,,,,
1970,Fruit,Pounds,Grapefruit,8.22,11.24,19.45,,,,,,,,,
1971,Fruit,Pounds,Grapefruit,8.55,12.66,21.2,,,,,,,,,
1972,Fruit,Pounds,Grapefruit,8.56,12.47,21.04,,,,,,,,,
1973,Fruit,Pounds,Grapefruit,8.57,13.04,21.61,,,,,,,,,
1974,Fruit,Pounds,Grapefruit,8.21,12.29,20.51,,,,,,,,,
1975,Fruit,Pounds,Grapefruit,8.36,13.19,21.55,,,,,,,,,
1976,Fruit,Pounds,Grapefruit,9.26,10.45,19.71,,,,,,,,,
1977,Fruit,Pounds,Grapefruit,7.73,14.38,22.11,,,,,,,,,
1978,Fruit,Pounds,Grapefruit,8.35,16.01,24.35,,,,,,,,,
1979,Fruit,Pounds,Grapefruit,7.29,14.09,21.38,,,,,,,,,
1980,Fruit,Pounds,Grapefruit,7.3,10.2,17.5,,,,,,,,,
1981,Fruit,Pounds,Grapefruit,6.65,13.03,19.69,,,,,,,,,
1982,Fruit,Pounds,Grapefruit,7.2,12.19,19.39,,,,,,,,,
1983,Fruit,Pounds,Grapefruit,7.84,11.53,19.37,,,,,,,,,
1984,Fruit,Pounds,Grapefruit,5.98,6.23,12.21,,,,,,,,,
1985,Fruit,Pounds,Grapefruit,5.51,11.12,16.63,,,,,,,,,
1986,Fruit,Pounds,Grapefruit,6.13,8.49,14.62,,,,,,,,,
1987,Fruit,Pounds,Grapefruit,6.35,11.54,17.88,,,,,,,,,
1988,Fruit,Pounds,Grapefruit,6.69,6.07,12.75,,,,,,,,,
1989,Fruit,Pounds,Grapefruit,6.6,9.7,16.31,,,,,,,,,
1990,Fruit,Pounds,Grapefruit,4.59,14.65,19.24,,,,,,,,,
1991,Fruit,Pounds,Grapefruit,5.86,8.55,14.41,,,,,,,,,
1992,Fruit,Pounds,Grapefruit,5.92,6.56,12.48,,,,,,,,,
1993,Fruit,Pounds,Grapefruit,6.19,8.47,14.66,,,,,,,,,
1994,Fruit,Pounds,Grapefruit,6.07,10.12,16.19,,,,,,,,,
1995,Fruit,Pounds,Grapefruit,5.99,9.79,15.78,,,,,,,,,
1996,Fruit,Pounds,Grapefruit,5.84,9.25,15.09,,,,,,,,,
1997,Fruit,Pounds,Grapefruit,6.18,9,15.17,,,,,,,,,
1998,Fruit,Pounds,Grapefruit,5.93,9.68,15.61,,,,,,,,,
1999,Fruit,Pounds,Grapefruit,5.75,8.9,14.64,,,,,,,,,
2000,Fruit,Pounds,Grapefruit,5.09,8.13,13.22,,,,,,,,,
2001,Fruit,Pounds,Grapefruit,4.85,8.38,13.22,,,,,,,,,
2002,Fruit,Pounds,Grapefruit,4.63,7,11.63,,,,,,,,,
2003,Fruit,Pounds,Grapefruit,4.1,5.97,10.07,,,,,,,,,
2004,Fruit,Pounds,Grapefruit,4.14,5.97,10.11,,,,,,,,,
2005,Fruit,Pounds,Grapefruit,2.65,3.62,6.26,,,,,,,,,
2006,Fruit,Pounds,Grapefruit,2.31,3.16,5.47,,,,,,,,,
2007,Fruit,Pounds,Grapefruit,2.84,4.32,7.15,,,,,,,,,
2008,Fruit,Pounds,Grapefruit,3.16,4.23,7.39,,,,,,,,,
2009,Fruit,Pounds,Grapefruit,2.8,3.81,6.6,,,,,,,,,
2010,Fruit,Pounds,Grapefruit,2.76,3.21,5.98,,,,,,,,,
2011,Fruit,Pounds,Grapefruit,2.71,3.53,6.25,,,,,,,,,
2012,Fruit,Pounds,Grapefruit,2.37,2.7,5.07,,,,,,,,,
2013,Fruit,Pounds,Grapefruit,2.64,3.07,5.71,,,,,,,,,
2014,Fruit,Pounds,Grapefruit,2.4,2.74,5.14,,,,,,,,,
2015,Fruit,Pounds,Grapefruit,2.23,2.23,4.46,,,,,,,,,
2016,Fruit,Pounds,Grapefruit,1.94,1.87,3.81,,,,,,,,,
2017,Fruit,Pounds,Grapefruit,1.86,1.64,3.5,,,,,,,,,
1970,Fruit,Pounds,Apples,17.23,14.71,31.94,,,,,,,,,
1971,Fruit,Pounds,Apples,16.62,14.48,31.09,,,,,,,,,
1972,Fruit,Pounds,Apples,15.68,12.62,28.31,,,,,,,,,
1973,Fruit,Pounds,Apples,16.28,13.66,29.93,,,,,,,,,
1974,Fruit,Pounds,Apples,16.56,14.5,31.06,,,,,,,,,
1975,Fruit,Pounds,Apples,19.68,13.66,33.34,,,,,,,,,
1976,Fruit,Pounds,Apples,17.24,12.9,30.14,,,,,,,,,
1977,Fruit,Pounds,Apples,16.69,15.14,31.83,,,,,,,,,
1978,Fruit,Pounds,Apples,18.14,18.13,36.27,,,,,,,,,
1979,Fruit,Pounds,Apples,17.34,19.18,36.51,,,,,,,,,
1980,Fruit,Pounds,Apples,19.41,20.82,40.23,,,,,,,,,
1981,Fruit,Pounds,Apples,17.01,17.91,34.93,,,,,,,,,
1982,Fruit,Pounds,Apples,17.7,22.34,40.04,,,,,,,,,
1983,Fruit,Pounds,Apples,18.43,23.52,41.95,,,,,,,,,
1984,Fruit,Pounds,Apples,18.52,26.21,44.73,,,,,,,,,
1985,Fruit,Pounds,Apples,17.42,26.16,43.58,,,,,,,,,
1986,Fruit,Pounds,Apples,18,25.52,43.52,,,,,,,,,
1987,Fruit,Pounds,Apples,21.02,27.59,48.61,,,,,,,,,
1988,Fruit,Pounds,Apples,20.02,27.71,47.73,,,,,,,,,
1989,Fruit,Pounds,Apples,21.43,25.64,47.07,,,,,,,,,
1990,Fruit,Pounds,Apples,19.81,28.68,48.49,,,,,,,,,
1991,Fruit,Pounds,Apples,18.33,25.79,44.12,,,,,,,,,
1992,Fruit,Pounds,Apples,19.37,27.7,47.08,,,,,,,,,
1993,Fruit,Pounds,Apples,19.22,29.62,48.85,,,,,,,,,
1994,Fruit,Pounds,Apples,19.58,30.05,49.63,,,,,,,,,
1995,Fruit,Pounds,Apples,18.89,26.75,45.64,,,,,,,,,
1996,Fruit,Pounds,Apples,18.88,28.05,46.92,,,,,,,,,
1997,Fruit,Pounds,Apples,18.28,27.32,45.6,,,,,,,,,
1998,Fruit,Pounds,Apples,19.19,28.65,47.84,,,,,,,,,
1999,Fruit,Pounds,Apples,18.71,28.89,47.61,,,,,,,,,
2000,Fruit,Pounds,Apples,17.64,27.89,45.53,,,,,,,,,
2001,Fruit,Pounds,Apples,15.76,28.12,43.89,,,,,,,,,
2002,Fruit,Pounds,Apples,16.16,27.39,43.54,,,,,,,,,
2003,Fruit,Pounds,Apples,17.06,29.93,47,,,,,,,,,
2004,Fruit,Pounds,Apples,18.97,31.95,50.92,,,,,,,,,
2005,Fruit,Pounds,Apples,16.81,28.83,45.64,,,,,,,,,
2006,Fruit,Pounds,Apples,17.9,33.31,51.21,,,,,,,,,
2007,Fruit,Pounds,Apples,16.55,33.73,50.28,,,,,,,,,
2008,Fruit,Pounds,Apples,16.02,32.31,48.33,,,,,,,,,
2009,Fruit,Pounds,Apples,16.34,31.35,47.69,,,,,,,,,
2010,Fruit,Pounds,Apples,15.39,32.5,47.9,,,,,,,,,
2011,Fruit,Pounds,Apples,15.56,27.25,42.8,,,,,,,,,
2012,Fruit,Pounds,Apples,16.14,27.59,43.73,,,,,,,,,
2013,Fruit,Pounds,Apples,17.45,28.37,45.82,,,,,,,,,
2014,Fruit,Pounds,Apples,18.74,27.1,45.84,,,,,,,,,
2015,Fruit,Pounds,Apples,17.48,29.24,46.72,,,,,,,,,
2016,Fruit,Pounds,Apples,18.67,29.79,48.46,,,,,,,,,
1970,Fruit,Pounds,Apricots,0.12,1.54,1.65,,,,,,,,,
1971,Fruit,Pounds,Apricots,0.13,1.25,1.38,,,,,,,,,
1972,Fruit,Pounds,Apricots,0.08,1.2,1.28,,,,,,,,,
1973,Fruit,Pounds,Apricots,0.09,1.43,1.52,,,,,,,,,
1974,Fruit,Pounds,Apricots,0.06,0.85,0.92,,,,,,,,,
1975,Fruit,Pounds,Apricots,0.08,1.3,1.38,,,,,,,,,
1976,Fruit,Pounds,Apricots,0.1,1.19,1.29,,,,,,,,,
1977,Fruit,Pounds,Apricots,0.09,1.19,1.27,,,,,,,,,
1978,Fruit,Pounds,Apricots,0.07,1.01,1.09,,,,,,,,,
1979,Fruit,Pounds,Apricots,0.08,1.08,1.16,,,,,,,,,
1980,Fruit,Pounds,Apricots,0.1,0.9,1,,,,,,,,,
1981,Fruit,Pounds,Apricots,0.1,0.82,0.91,,,,,,,,,
1982,Fruit,Pounds,Apricots,0.08,1.05,1.13,,,,,,,,,
1983,Fruit,Pounds,Apricots,0.08,1,1.08,,,,,,,,,
1984,Fruit,Pounds,Apricots,0.13,1.11,1.23,,,,,,,,,
1985,Fruit,Pounds,Apricots,0.16,0.8,0.96,,,,,,,,,
1986,Fruit,Pounds,Apricots,0.1,0.81,0.91,,,,,,,,,
1987,Fruit,Pounds,Apricots,0.08,0.81,0.89,,,,,,,,,
1988,Fruit,Pounds,Apricots,0.16,0.87,1.03,,,,,,,,,
1989,Fruit,Pounds,Apricots,0.09,1.17,1.26,,,,,,,,,
1990,Fruit,Pounds,Apricots,0.16,0.98,1.13,,,,,,,,,
1991,Fruit,Pounds,Apricots,0.13,0.85,0.98,,,,,,,,,
1992,Fruit,Pounds,Apricots,0.15,1.05,1.2,,,,,,,,,
1993,Fruit,Pounds,Apricots,0.13,0.94,1.07,,,,,,,,,
1994,Fruit,Pounds,Apricots,0.15,1.43,1.58,,,,,,,,,
1995,Fruit,Pounds,Apricots,0.1,0.88,0.98,,,,,,,,,
1996,Fruit,Pounds,Apricots,0.09,0.76,0.84,,,,,,,,,
1997,Fruit,Pounds,Apricots,0.14,1.04,1.18,,,,,,,,,
1998,Fruit,Pounds,Apricots,0.12,1.05,1.17,,,,,,,,,
1999,Fruit,Pounds,Apricots,0.12,0.85,0.97,,,,,,,,,
2000,Fruit,Pounds,Apricots,0.15,1.1,1.26,,,,,,,,,
2001,Fruit,Pounds,Apricots,0.08,1.07,1.15,,,,,,,,,
2002,Fruit,Pounds,Apricots,0.09,0.78,0.86,,,,,,,,,
2003,Fruit,Pounds,Apricots,0.13,0.99,1.12,,,,,,,,,
2004,Fruit,Pounds,Apricots,0.12,0.82,0.94,,,,,,,,,
2005,Fruit,Pounds,Apricots,0.13,0.99,1.12,,,,,,,,,
2006,Fruit,Pounds,Apricots,0.08,0.83,0.91,,,,,,,,,
2007,Fruit,Pounds,Apricots,0.16,0.89,1.05,,,,,,,,,
2008,Fruit,Pounds,Apricots,0.13,0.79,0.93,,,,,,,,,
2009,Fruit,Pounds,Apricots,0.14,0.78,0.92,,,,,,,,,
2010,Fruit,Pounds,Apricots,0.12,0.74,0.86,,,,,,,,,
2011,Fruit,Pounds,Apricots,0.12,0.73,0.86,,,,,,,,,
2012,Fruit,Pounds,Apricots,0.1,0.76,0.86,,,,,,,,,
2013,Fruit,Pounds,Apricots,0.11,0.8,0.91,,,,,,,,,
2014,Fruit,Pounds,Apricots,0.12,0.59,0.71,,,,,,,,,
2015,Fruit,Pounds,Apricots,0.08,0.65,0.73,,,,,,,,,
2016,Fruit,Pounds,Apricots,0.13,0.6,0.73,,,,,,,,,
1970,Fruit,Pounds,Avocados,0.45,,0.45,,,,,,,,,
1971,Fruit,Pounds,Avocados,0.83,,0.83,,,,,,,,,
1972,Fruit,Pounds,Avocados,0.43,,0.43,,,,,,,,,
1973,Fruit,Pounds,Avocados,0.71,,0.71,,,,,,,,,
1974,Fruit,Pounds,Avocados,1.25,,1.25,,,,,,,,,
1975,Fruit,Pounds,Avocados,0.73,,0.73,,,,,,,,,
1976,Fruit,Pounds,Avocados,1.19,,1.19,,,,,,,,,
1977,Fruit,Pounds,Avocados,1.13,,1.13,,,,,,,,,
1978,Fruit,Pounds,Avocados,1.27,,1.27,,,,,,,,,
1979,Fruit,Pounds,Avocados,0.85,,0.85,,,,,,,,,
1980,Fruit,Pounds,Avocados,2.1,,2.1,,,,,,,,,
1981,Fruit,Pounds,Avocados,1.56,,1.56,,,,,,,,,
1982,Fruit,Pounds,Avocados,1.86,,1.86,,,,,,,,,
1983,Fruit,Pounds,Avocados,2.21,,2.21,,,,,,,,,
1984,Fruit,Pounds,Avocados,1.84,,1.84,,,,,,,,,
1985,Fruit,Pounds,Avocados,1.52,,1.52,,,,,,,,,
1986,Fruit,Pounds,Avocados,2.37,,2.37,,,,,,,,,
1987,Fruit,Pounds,Avocados,1.6,,1.6,,,,,,,,,
1988,Fruit,Pounds,Avocados,1.58,,1.58,,,,,,,,,
1989,Fruit,Pounds,Avocados,1.09,,1.09,,,,,,,,,
1990,Fruit,Pounds,Avocados,1.43,,1.43,,,,,,,,,
1991,Fruit,Pounds,Avocados,1.45,,1.45,,,,,,,,,
1992,Fruit,Pounds,Avocados,2.19,,2.19,,,,,,,,,
1993,Fruit,Pounds,Avocados,1.34,,1.34,,,,,,,,,
1994,Fruit,Pounds,Avocados,1.37,,1.37,,,,,,,,,
1995,Fruit,Pounds,Avocados,1.59,,1.59,,,,,,,,,
1996,Fruit,Pounds,Avocados,1.6,,1.6,,,,,,,,,
1997,Fruit,Pounds,Avocados,1.75,,1.75,,,,,,,,,
1998,Fruit,Pounds,Avocados,1.54,,1.54,,,,,,,,,
1999,Fruit,Pounds,Avocados,1.94,,1.94,,,,,,,,,
2000,Fruit,Pounds,Avocados,2.23,,2.23,,,,,,,,,
2001,Fruit,Pounds,Avocados,2.53,,2.53,,,,,,,,,
2002,Fruit,Pounds,Avocados,2.45,,2.45,,,,,,,,,
2003,Fruit,Pounds,Avocados,2.69,,2.69,,,,,,,,,
2004,Fruit,Pounds,Avocados,3.2,,3.2,,,,,,,,,
2005,Fruit,Pounds,Avocados,3.49,,3.49,,,,,,,,,
2006,Fruit,Pounds,Avocados,3.54,,3.54,,,,,,,,,
2007,Fruit,Pounds,Avocados,3.53,,3.53,,,,,,,,,
2008,Fruit,Pounds,Avocados,3.87,,3.87,,,,,,,,,
2009,Fruit,Pounds,Avocados,4.28,,4.28,,,,,,,,,
2010,Fruit,Pounds,Avocados,4.03,,4.03,,,,,,,,,
2011,Fruit,Pounds,Avocados,5.14,,5.14,,,,,,,,,
2012,Fruit,Pounds,Avocados,5.65,,5.65,,,,,,,,,
2013,Fruit,Pounds,Avocados,6.16,,6.16,,,,,,,,,
2014,Fruit,Pounds,Avocados,7.03,,7.03,,,,,,,,,
2015,Fruit,Pounds,Avocados,7.24,,7.24,,,,,,,,,
2016,Fruit,Pounds,Avocados,7.13,,7.13,,,,,,,,,
1970,Fruit,Pounds,Bananas,17.38,,17.38,,,,,,,,,
1971,Fruit,Pounds,Bananas,18.06,,18.06,,,,,,,,,
1972,Fruit,Pounds,Bananas,17.92,,17.92,,,,,,,,,
1973,Fruit,Pounds,Bananas,18.16,,18.16,,,,,,,,,
1974,Fruit,Pounds,Bananas,18.49,,18.49,,,,,,,,,
1975,Fruit,Pounds,Bananas,17.64,,17.64,,,,,,,,,
1976,Fruit,Pounds,Bananas,19.25,,19.25,,,,,,,,,
1977,Fruit,Pounds,Bananas,19.21,,19.21,,,,,,,,,
1978,Fruit,Pounds,Bananas,20.19,,20.19,,,,,,,,,
1979,Fruit,Pounds,Bananas,20.98,,20.98,,,,,,,,,
1980,Fruit,Pounds,Bananas,20.77,,20.77,,,,,,,,,
1981,Fruit,Pounds,Bananas,21.48,,21.48,,,,,,,,,
1982,Fruit,Pounds,Bananas,22.54,,22.54,,,,,,,,,
1983,Fruit,Pounds,Bananas,21.25,,21.25,,,,,,,,,
1984,Fruit,Pounds,Bananas,22.18,,22.18,,,,,,,,,
1985,Fruit,Pounds,Bananas,23.48,,23.48,,,,,,,,,
1986,Fruit,Pounds,Bananas,25.82,,25.82,,,,,,,,,
1987,Fruit,Pounds,Bananas,25.02,,25.02,,,,,,,,,
1988,Fruit,Pounds,Bananas,24.29,,24.29,,,,,,,,,
1989,Fruit,Pounds,Bananas,24.71,,24.71,,,,,,,,,
1990,Fruit,Pounds,Bananas,24.34,,24.34,,,,,,,,,
1991,Fruit,Pounds,Bananas,25.03,,25.03,,,,,,,,,
1992,Fruit,Pounds,Bananas,27.1,,27.1,,,,,,,,,
1993,Fruit,Pounds,Bananas,26.58,,26.58,,,,,,,,,
1994,Fruit,Pounds,Bananas,27.76,,27.76,,,,,,,,,
1995,Fruit,Pounds,Bananas,27.06,,27.06,,,,,,,,,
1996,Fruit,Pounds,Bananas,27.58,,27.58,,,,,,,,,
1997,Fruit,Pounds,Bananas,27.14,,27.14,,,,,,,,,
1998,Fruit,Pounds,Bananas,28,,28,,,,,,,,,
1999,Fruit,Pounds,Bananas,30.69,,30.69,,,,,,,,,
2000,Fruit,Pounds,Bananas,28.45,,28.45,,,,,,,,,
2001,Fruit,Pounds,Bananas,26.63,,26.63,,,,,,,,,
2002,Fruit,Pounds,Bananas,26.78,,26.78,,,,,,,,,
2003,Fruit,Pounds,Bananas,26.17,,26.17,,,,,,,,,
2004,Fruit,Pounds,Bananas,25.78,,25.78,,,,,,,,,
2005,Fruit,Pounds,Bananas,25.18,,25.18,,,,,,,,,
2006,Fruit,Pounds,Bananas,25.11,,25.11,,,,,,,,,
2007,Fruit,Pounds,Bananas,25.95,,25.95,,,,,,,,,
2008,Fruit,Pounds,Bananas,25.04,,25.04,,,,,,,,,
2009,Fruit,Pounds,Bananas,22.01,,22.01,,,,,,,,,
2010,Fruit,Pounds,Bananas,25.61,,25.61,,,,,,,,,
2011,Fruit,Pounds,Bananas,25.53,,25.53,,,,,,,,,
2012,Fruit,Pounds,Bananas,26.98,,26.98,,,,,,,,,
2013,Fruit,Pounds,Bananas,28.08,,28.08,,,,,,,,,
2014,Fruit,Pounds,Bananas,27.95,,27.95,,,,,,,,,
2015,Fruit,Pounds,Bananas,28.03,,28.03,,,,,,,,,
2016,Fruit,Pounds,Bananas,27.55,,27.55,,,,,,,,,
1970,Fruit,Pounds,Blackberries,,0.1,0.1,,,,,,,,,
1971,Fruit,Pounds,Blackberries,,0.16,0.16,,,,,,,,,
1972,Fruit,Pounds,Blackberries,,0.11,0.11,,,,,,,,,
1973,Fruit,Pounds,Blackberries,,0.08,0.08,,,,,,,,,
1974,Fruit,Pounds,Blackberries,,0.06,0.06,,,,,,,,,
1975,Fruit,Pounds,Blackberries,,0.08,0.08,,,,,,,,,
1976,Fruit,Pounds,Blackberries,,0.12,0.12,,,,,,,,,
1977,Fruit,Pounds,Blackberries,,0.12,0.12,,,,,,,,,
1978,Fruit,Pounds,Blackberries,,0.1,0.1,,,,,,,,,
1979,Fruit,Pounds,Blackberries,,0.06,0.06,,,,,,,,,
1980,Fruit,Pounds,Blackberries,,0.02,0.02,,,,,,,,,
1981,Fruit,Pounds,Blackberries,,0.04,0.04,,,,,,,,,
1982,Fruit,Pounds,Blackberries,,0.09,0.09,,,,,,,,,
1983,Fruit,Pounds,Blackberries,,0.08,0.08,,,,,,,,,
1984,Fruit,Pounds,Blackberries,,0.04,0.04,,,,,,,,,
1985,Fruit,Pounds,Blackberries,,0.04,0.04,,,,,,,,,
1986,Fruit,Pounds,Blackberries,,0.04,0.04,,,,,,,,,
1987,Fruit,Pounds,Blackberries,,0.07,0.07,,,,,,,,,
1988,Fruit,Pounds,Blackberries,,0.13,0.13,,,,,,,,,
1989,Fruit,Pounds,Blackberries,,0.07,0.07,,,,,,,,,
1990,Fruit,Pounds,Blackberries,,0.08,0.08,,,,,,,,,
1991,Fruit,Pounds,Blackberries,,0.07,0.07,,,,,,,,,
1992,Fruit,Pounds,Blackberries,,0.07,0.07,,,,,,,,,
1993,Fruit,Pounds,Blackberries,,0.11,0.11,,,,,,,,,
1994,Fruit,Pounds,Blackberries,,0.08,0.08,,,,,,,,,
1995,Fruit,Pounds,Blackberries,,0.12,0.12,,,,,,,,,
1996,Fruit,Pounds,Blackberries,,0.06,0.06,,,,,,,,,
1997,Fruit,Pounds,Blackberries,,0.07,0.07,,,,,,,,,
1998,Fruit,Pounds,Blackberries,,0.1,0.1,,,,,,,,,
1999,Fruit,Pounds,Blackberries,,0.09,0.09,,,,,,,,,
2000,Fruit,Pounds,Blackberries,,0.09,0.09,,,,,,,,,
2001,Fruit,Pounds,Blackberries,,0.08,0.08,,,,,,,,,
2002,Fruit,Pounds,Blackberries,,0.08,0.08,,,,,,,,,
2003,Fruit,Pounds,Blackberries,,0.08,0.08,,,,,,,,,
2004,Fruit,Pounds,Blackberries,,0.07,0.07,,,,,,,,,
2005,Fruit,Pounds,Blackberries,,0.11,0.11,,,,,,,,,
2006,Fruit,Pounds,Blackberries,,0.08,0.08,,,,,,,,,
2007,Fruit,Pounds,Blackberries,,0.1,0.1,,,,,,,,,
2008,Fruit,Pounds,Blackberries,,0.1,0.1,,,,,,,,,
2009,Fruit,Pounds,Blackberries,,0.09,0.09,,,,,,,,,
2010,Fruit,Pounds,Blackberries,,0.09,0.09,,,,,,,,,
2011,Fruit,Pounds,Blackberries,,0.07,0.07,,,,,,,,,
2012,Fruit,Pounds,Blackberries,,0.09,0.09,,,,,,,,,
2013,Fruit,Pounds,Blackberries,,0.11,0.11,,,,,,,,,
2014,Fruit,Pounds,Blackberries,,0.08,0.08,,,,,,,,,
2015,Fruit,Pounds,Blackberries,,0.11,0.11,,,,,,,,,
2016,Fruit,Pounds,Blackberries,,0.08,0.08,,,,,,,,,
1970,Fruit,Pounds,Blueberries,,0.22,0.22,,,,,,,,,
1971,Fruit,Pounds,Blueberries,,0.18,0.18,,,,,,,,,
1972,Fruit,Pounds,Blueberries,,0.19,0.19,,,,,,,,,
1973,Fruit,Pounds,Blueberries,,0.17,0.17,,,,,,,,,
1974,Fruit,Pounds,Blueberries,,0.15,0.15,,,,,,,,,
1975,Fruit,Pounds,Blueberries,,0.2,0.2,,,,,,,,,
1976,Fruit,Pounds,Blueberries,,0.14,0.14,,,,,,,,,
1977,Fruit,Pounds,Blueberries,,0.14,0.14,,,,,,,,,
1978,Fruit,Pounds,Blueberries,,0.12,0.12,,,,,,,,,
1979,Fruit,Pounds,Blueberries,,0.14,0.14,,,,,,,,,
1980,Fruit,Pounds,Blueberries,0.18,0.19,0.37,,,,,,,,,
1981,Fruit,Pounds,Blueberries,0.16,0.18,0.34,,,,,,,,,
1982,Fruit,Pounds,Blueberries,0.16,0.12,0.27,,,,,,,,,
1983,Fruit,Pounds,Blueberries,0.14,0.05,0.18,,,,,,,,,
1984,Fruit,Pounds,Blueberries,0.24,0.26,0.5,,,,,,,,,
1985,Fruit,Pounds,Blueberries,0.25,0.23,0.48,,,,,,,,,
1986,Fruit,Pounds,Blueberries,0.19,0.39,0.58,,,,,,,,,
1987,Fruit,Pounds,Blueberries,0.19,0.27,0.46,,,,,,,,,
1988,Fruit,Pounds,Blueberries,0.25,0.22,0.47,,,,,,,,,
1989,Fruit,Pounds,Blueberries,0.23,0.31,0.54,,,,,,,,,
1990,Fruit,Pounds,Blueberries,0.11,0.34,0.44,,,,,,,,,
1991,Fruit,Pounds,Blueberries,0.17,0.35,0.52,,,,,,,,,
1992,Fruit,Pounds,Blueberries,0.2,0.42,0.62,,,,,,,,,
1993,Fruit,Pounds,Blueberries,0.26,0.49,0.75,,,,,,,,,
1994,Fruit,Pounds,Blueberries,0.27,0.5,0.77,,,,,,,,,
1995,Fruit,Pounds,Blueberries,0.32,0.47,0.79,,,,,,,,,
1996,Fruit,Pounds,Blueberries,0.27,0.38,0.65,,,,,,,,,
1997,Fruit,Pounds,Blueberries,0.29,0.33,0.63,,,,,,,,,
1998,Fruit,Pounds,Blueberries,0.32,0.36,0.68,,,,,,,,,
1999,Fruit,Pounds,Blueberries,0.31,0.41,0.73,,,,,,,,,
2000,Fruit,Pounds,Blueberries,0.26,0.34,0.59,,,,,,,,,
2001,Fruit,Pounds,Blueberries,0.34,0.4,0.74,,,,,,,,,
2002,Fruit,Pounds,Blueberries,0.39,0.26,0.65,,,,,,,,,
2003,Fruit,Pounds,Blueberries,0.38,0.37,0.76,,,,,,,,,
2004,Fruit,Pounds,Blueberries,0.53,0.25,0.78,,,,,,,,,
2005,Fruit,Pounds,Blueberries,0.44,0.44,0.88,,,,,,,,,
2006,Fruit,Pounds,Blueberries,0.56,0.36,0.93,,,,,,,,,
2007,Fruit,Pounds,Blueberries,0.59,0.38,0.97,,,,,,,,,
2008,Fruit,Pounds,Blueberries,0.8,0.39,1.2,,,,,,,,,
2009,Fruit,Pounds,Blueberries,0.96,0.54,1.5,,,,,,,,,
2010,Fruit,Pounds,Blueberries,1.12,0.59,1.71,,,,,,,,,
2011,Fruit,Pounds,Blueberries,1.29,0.47,1.75,,,,,,,,,
2012,Fruit,Pounds,Blueberries,1.33,0.45,1.78,,,,,,,,,
2013,Fruit,Pounds,Blueberries,1.38,0.55,1.94,,,,,,,,,
2014,Fruit,Pounds,Blueberries,1.51,0.64,2.16,,,,,,,,,
2015,Fruit,Pounds,Blueberries,1.61,0.7,2.31,,,,,,,,,
2016,Fruit,Pounds,Blueberries,1.77,0.66,2.44,,,,,,,,,
1970,Fruit,Pounds,Cantaloupe,7.01,,7.01,,,,,,,,,
1971,Fruit,Pounds,Cantaloupe,6.64,,6.64,,,,,,,,,
1972,Fruit,Pounds,Cantaloupe,6.77,,6.77,,,,,,,,,
1973,Fruit,Pounds,Cantaloupe,5.88,,5.88,,,,,,,,,
1974,Fruit,Pounds,Cantaloupe,5.14,,5.14,,,,,,,,,
1975,Fruit,Pounds,Cantaloupe,5.05,,5.05,,,,,,,,,
1976,Fruit,Pounds,Cantaloupe,5.05,,5.05,,,,,,,,,
1977,Fruit,Pounds,Cantaloupe,5.52,,5.52,,,,,,,,,
1978,Fruit,Pounds,Cantaloupe,6.58,,6.58,,,,,,,,,
1979,Fruit,Pounds,Cantaloupe,6.12,,6.12,,,,,,,,,
1980,Fruit,Pounds,Cantaloupe,5.85,,5.85,,,,,,,,,
1981,Fruit,Pounds,Cantaloupe,6.12,,6.12,,,,,,,,,
1982,Fruit,Pounds,Cantaloupe,7.67,,7.67,,,,,,,,,
1983,Fruit,Pounds,Cantaloupe,6.54,,6.54,,,,,,,,,
1984,Fruit,Pounds,Cantaloupe,7.67,,7.67,,,,,,,,,
1985,Fruit,Pounds,Cantaloupe,8.47,,8.47,,,,,,,,,
1986,Fruit,Pounds,Cantaloupe,9.43,,9.43,,,,,,,,,
1987,Fruit,Pounds,Cantaloupe,9.15,,9.15,,,,,,,,,
1988,Fruit,Pounds,Cantaloupe,7.86,,7.86,,,,,,,,,
1989,Fruit,Pounds,Cantaloupe,10.36,,10.36,,,,,,,,,
1990,Fruit,Pounds,Cantaloupe,9.23,,9.23,,,,,,,,,
1991,Fruit,Pounds,Cantaloupe,8.64,,8.64,,,,,,,,,
1992,Fruit,Pounds,Cantaloupe,8.47,,8.47,,,,,,,,,
1993,Fruit,Pounds,Cantaloupe,8.61,,8.61,,,,,,,,,
1994,Fruit,Pounds,Cantaloupe,8.38,,8.38,,,,,,,,,
1995,Fruit,Pounds,Cantaloupe,8.97,,8.97,,,,,,,,,
1996,Fruit,Pounds,Cantaloupe,10.28,,10.28,,,,,,,,,
1997,Fruit,Pounds,Cantaloupe,10.52,,10.52,,,,,,,,,
1998,Fruit,Pounds,Cantaloupe,10.64,,10.64,,,,,,,,,
1999,Fruit,Pounds,Cantaloupe,11.38,,11.38,,,,,,,,,
2000,Fruit,Pounds,Cantaloupe,11.12,,11.12,,,,,,,,,
2001,Fruit,Pounds,Cantaloupe,11.16,,11.16,,,,,,,,,
2002,Fruit,Pounds,Cantaloupe,11.1,,11.1,,,,,,,,,
2003,Fruit,Pounds,Cantaloupe,10.79,,10.79,,,,,,,,,
2004,Fruit,Pounds,Cantaloupe,9.81,,9.81,,,,,,,,,
2005,Fruit,Pounds,Cantaloupe,9.58,,9.58,,,,,,,,,
2006,Fruit,Pounds,Cantaloupe,9.25,,9.25,,,,,,,,,
2007,Fruit,Pounds,Cantaloupe,9.58,,9.58,,,,,,,,,
2008,Fruit,Pounds,Cantaloupe,8.87,,8.87,,,,,,,,,
2009,Fruit,Pounds,Cantaloupe,9.05,,9.05,,,,,,,,,
2010,Fruit,Pounds,Cantaloupe,8.54,,8.54,,,,,,,,,
2011,Fruit,Pounds,Cantaloupe,8.65,,8.65,,,,,,,,,
2012,Fruit,Pounds,Cantaloupe,7.51,,7.51,,,,,,,,,
2013,Fruit,Pounds,Cantaloupe,8.28,,8.28,,,,,,,,,
2014,Fruit,Pounds,Cantaloupe,6.59,,6.59,,,,,,,,,
2015,Fruit,Pounds,Cantaloupe,6.76,,6.76,,,,,,,,,
2016,Fruit,Pounds,Cantaloupe,7.12,,7.12,,,,,,,,,
1970,Fruit,Pounds,Cherries,0.5,1.13,1.63,,,,,,,,,
1971,Fruit,Pounds,Cherries,0.67,1.2,1.87,,,,,,,,,
1972,Fruit,Pounds,Cherries,0.38,1.11,1.49,,,,,,,,,
1973,Fruit,Pounds,Cherries,0.73,1.19,1.92,,,,,,,,,
1974,Fruit,Pounds,Cherries,0.58,0.96,1.54,,,,,,,,,
1975,Fruit,Pounds,Cherries,0.69,0.85,1.55,,,,,,,,,
1976,Fruit,Pounds,Cherries,0.82,0.98,1.8,,,,,,,,,
1977,Fruit,Pounds,Cherries,0.63,0.97,1.6,,,,,,,,,
1978,Fruit,Pounds,Cherries,0.53,0.93,1.46,,,,,,,,,
1979,Fruit,Pounds,Cherries,0.68,0.79,1.46,,,,,,,,,
1980,Fruit,Pounds,Cherries,0.69,0.87,1.55,,,,,,,,,
1981,Fruit,Pounds,Cherries,0.53,0.79,1.32,,,,,,,,,
1982,Fruit,Pounds,Cherries,0.52,1.01,1.53,,,,,,,,,
1983,Fruit,Pounds,Cherries,0.73,0.91,1.64,,,,,,,,,
1984,Fruit,Pounds,Cherries,0.7,1,1.7,,,,,,,,,
1985,Fruit,Pounds,Cherries,0.42,0.96,1.38,,,,,,,,,
1986,Fruit,Pounds,Cherries,0.49,0.94,1.43,,,,,,,,,
1987,Fruit,Pounds,Cherries,0.72,1.42,2.14,,,,,,,,,
1988,Fruit,Pounds,Cherries,0.52,1.08,1.59,,,,,,,,,
1989,Fruit,Pounds,Cherries,0.54,1.07,1.61,,,,,,,,,
1990,Fruit,Pounds,Cherries,0.39,1.17,1.56,,,,,,,,,
1991,Fruit,Pounds,Cherries,0.4,0.88,1.28,,,,,,,,,
1992,Fruit,Pounds,Cherries,0.53,0.93,1.46,,,,,,,,,
1993,Fruit,Pounds,Cherries,0.43,1.11,1.54,,,,,,,,,
1994,Fruit,Pounds,Cherries,0.52,1.09,1.61,,,,,,,,,
1995,Fruit,Pounds,Cherries,0.29,1.05,1.33,,,,,,,,,
1996,Fruit,Pounds,Cherries,0.4,0.89,1.3,,,,,,,,,
1997,Fruit,Pounds,Cherries,0.6,0.95,1.54,,,,,,,,,
1998,Fruit,Pounds,Cherries,0.52,1.15,1.66,,,,,,,,,
1999,Fruit,Pounds,Cherries,0.63,0.84,1.46,,,,,,,,,
2000,Fruit,Pounds,Cherries,0.6,0.88,1.48,,,,,,,,,
2001,Fruit,Pounds,Cherries,0.77,0.85,1.63,,,,,,,,,
2002,Fruit,Pounds,Cherries,0.7,0.52,1.22,,,,,,,,,
2003,Fruit,Pounds,Cherries,0.92,0.82,1.74,,,,,,,,,
2004,Fruit,Pounds,Cherries,0.99,0.8,1.79,,,,,,,,,
2005,Fruit,Pounds,Cherries,0.87,0.83,1.7,,,,,,,,,
2006,Fruit,Pounds,Cherries,1.06,0.9,1.97,,,,,,,,,
2007,Fruit,Pounds,Cherries,1.22,0.92,2.14,,,,,,,,,
2008,Fruit,Pounds,Cherries,1.31,0.86,2.17,,,,,,,,,
2009,Fruit,Pounds,Cherries,1.56,0.97,2.53,,,,,,,,,
2010,Fruit,Pounds,Cherries,1.31,0.84,2.15,,,,,,,,,
2011,Fruit,Pounds,Cherries,1.3,0.83,2.14,,,,,,,,,
2012,Fruit,Pounds,Cherries,1.5,0.75,2.26,,,,,,,,,
2013,Fruit,Pounds,Cherries,0.99,0.57,1.56,,,,,,,,,
2014,Fruit,Pounds,Cherries,1.17,0.89,2.06,,,,,,,,,
2015,Fruit,Pounds,Cherries,1.15,0.99,2.13,,,,,,,,,
2016,Fruit,Pounds,Cherries,1.17,0.97,2.14,,,,,,,,,
1970,Fruit,Pounds,Cranberries,0.18,,0.18,,,,,,,,,
1971,Fruit,Pounds,Cranberries,0.19,,0.19,,,,,,,,,
1972,Fruit,Pounds,Cranberries,0.15,,0.15,,,,,,,,,
1973,Fruit,Pounds,Cranberries,0.19,,0.19,,,,,,,,,
1974,Fruit,Pounds,Cranberries,0.15,,0.15,,,,,,,,,
1975,Fruit,Pounds,Cranberries,0.14,,0.14,,,,,,,,,
1976,Fruit,Pounds,Cranberries,0.19,,0.19,,,,,,,,,
1977,Fruit,Pounds,Cranberries,0.18,,0.18,,,,,,,,,
1978,Fruit,Pounds,Cranberries,0.18,,0.18,,,,,,,,,
1979,Fruit,Pounds,Cranberries,0.13,,0.13,,,,,,,,,
1980,Fruit,Pounds,Cranberries,0.14,,0.14,,,,,,,,,
1981,Fruit,Pounds,Cranberries,0.21,,0.21,,,,,,,,,
1982,Fruit,Pounds,Cranberries,0.21,,0.21,,,,,,,,,
1983,Fruit,Pounds,Cranberries,0.14,,0.14,,,,,,,,,
1984,Fruit,Pounds,Cranberries,0.13,,0.13,,,,,,,,,
1985,Fruit,Pounds,Cranberries,0.13,,0.13,,,,,,,,,
1986,Fruit,Pounds,Cranberries,0.14,,0.14,,,,,,,,,
1987,Fruit,Pounds,Cranberries,0.11,,0.11,,,,,,,,,
1988,Fruit,Pounds,Cranberries,0.07,,0.07,,,,,,,,,
1989,Fruit,Pounds,Cranberries,0.07,1.33,1.39,,,,,,,,,
1990,Fruit,Pounds,Cranberries,0.05,1.27,1.32,,,,,,,,,
1991,Fruit,Pounds,Cranberries,0.07,1.54,1.61,,,,,,,,,
1992,Fruit,Pounds,Cranberries,0.07,1.5,1.57,,,,,,,,,
1993,Fruit,Pounds,Cranberries,0.07,1.35,1.42,,,,,,,,,
1994,Fruit,Pounds,Cranberries,0.08,1.7,1.77,,,,,,,,,
1995,Fruit,Pounds,Cranberries,0.08,1.49,1.57,,,,,,,,,
1996,Fruit,Pounds,Cranberries,0.08,1.59,1.67,,,,,,,,,
1997,Fruit,Pounds,Cranberries,0.07,1.82,1.9,,,,,,,,,
1998,Fruit,Pounds,Cranberries,0.08,1.88,1.96,,,,,,,,,
1999,Fruit,Pounds,Cranberries,0.11,2.14,2.24,,,,,,,,,
2000,Fruit,Pounds,Cranberries,0.14,1.82,1.95,,,,,,,,,
2001,Fruit,Pounds,Cranberries,0.13,1.54,1.67,,,,,,,,,
2002,Fruit,Pounds,Cranberries,0.11,1.91,2.02,,,,,,,,,
2003,Fruit,Pounds,Cranberries,0.1,2.09,2.18,,,,,,,,,
2004,Fruit,Pounds,Cranberries,0.11,2.06,2.17,,,,,,,,,
2005,Fruit,Pounds,Cranberries,0.09,2.05,2.14,,,,,,,,,
2006,Fruit,Pounds,Cranberries,0.09,2.24,2.33,,,,,,,,,
2007,Fruit,Pounds,Cranberries,0.1,2.12,2.22,,,,,,,,,
2008,Fruit,Pounds,Cranberries,0.1,2.46,2.56,,,,,,,,,
2009,Fruit,Pounds,Cranberries,0.09,2.18,2.27,,,,,,,,,
2010,Fruit,Pounds,Cranberries,0.06,2.13,2.19,,,,,,,,,
2011,Fruit,Pounds,Cranberries,0.06,2.39,2.45,,,,,,,,,
2012,Fruit,Pounds,Cranberries,0.07,2.6,2.67,,,,,,,,,
2013,Fruit,Pounds,Cranberries,0.08,2.81,2.89,,,,,,,,,
2014,Fruit,Pounds,Cranberries,0.07,2.6,2.67,,,,,,,,,
2015,Fruit,Pounds,Cranberries,0.12,2.63,2.75,,,,,,,,,
2016,Fruit,Pounds,Cranberries,0.12,2.9,3.03,,,,,,,,,
1970,Fruit,Pounds,Dates,,0.28,0.28,,,,,,,,,
1971,Fruit,Pounds,Dates,,0.28,0.28,,,,,,,,,
1972,Fruit,Pounds,Dates,,0.27,0.27,,,,,,,,,
1973,Fruit,Pounds,Dates,,0.35,0.35,,,,,,,,,
1974,Fruit,Pounds,Dates,,0.28,0.28,,,,,,,,,
1975,Fruit,Pounds,Dates,,0.36,0.36,,,,,,,,,
1976,Fruit,Pounds,Dates,,0.35,0.35,,,,,,,,,
1977,Fruit,Pounds,Dates,,0.39,0.39,,,,,,,,,
1978,Fruit,Pounds,Dates,,0.36,0.36,,,,,,,,,
1979,Fruit,Pounds,Dates,,0.28,0.28,,,,,,,,,
1980,Fruit,Pounds,Dates,,0.15,0.15,,,,,,,,,
1981,Fruit,Pounds,Dates,,0.19,0.19,,,,,,,,,
1982,Fruit,Pounds,Dates,,0.28,0.28,,,,,,,,,
1983,Fruit,Pounds,Dates,,0.27,0.27,,,,,,,,,
1984,Fruit,Pounds,Dates,,0.34,0.34,,,,,,,,,
1985,Fruit,Pounds,Dates,,0.26,0.26,,,,,,,,,
1986,Fruit,Pounds,Dates,,0.16,0.16,,,,,,,,,
1987,Fruit,Pounds,Dates,,0.18,0.18,,,,,,,,,
1988,Fruit,Pounds,Dates,,0.25,0.25,,,,,,,,,
1989,Fruit,Pounds,Dates,,0.25,0.25,,,,,,,,,
1990,Fruit,Pounds,Dates,,0.25,0.25,,,,,,,,,
1991,Fruit,Pounds,Dates,,0.24,0.24,,,,,,,,,
1992,Fruit,Pounds,Dates,,0.17,0.17,,,,,,,,,
1993,Fruit,Pounds,Dates,,0.23,0.23,,,,,,,,,
1994,Fruit,Pounds,Dates,,0.16,0.16,,,,,,,,,
1995,Fruit,Pounds,Dates,,0.18,0.18,,,,,,,,,
1996,Fruit,Pounds,Dates,,0.17,0.17,,,,,,,,,
1997,Fruit,Pounds,Dates,,0.16,0.16,,,,,,,,,
1998,Fruit,Pounds,Dates,,0.21,0.21,,,,,,,,,
1999,Fruit,Pounds,Dates,,0.19,0.19,,,,,,,,,
2000,Fruit,Pounds,Dates,,0.13,0.13,,,,,,,,,
2001,Fruit,Pounds,Dates,,0.15,0.15,,,,,,,,,
2002,Fruit,Pounds,Dates,,0.2,0.2,,,,,,,,,
2003,Fruit,Pounds,Dates,,0.15,0.15,,,,,,,,,
2004,Fruit,Pounds,Dates,,0.14,0.14,,,,,,,,,
2005,Fruit,Pounds,Dates,,0.14,0.14,,,,,,,,,
2006,Fruit,Pounds,Dates,,0.18,0.18,,,,,,,,,
2007,Fruit,Pounds,Dates,,0.13,0.13,,,,,,,,,
2008,Fruit,Pounds,Dates,,0.22,0.22,,,,,,,,,
2009,Fruit,Pounds,Dates,,0.23,0.23,,,,,,,,,
2010,Fruit,Pounds,Dates,,0.32,0.32,,,,,,,,,
2011,Fruit,Pounds,Dates,,0.35,0.35,,,,,,,,,
2012,Fruit,Pounds,Dates,,0.35,0.35,,,,,,,,,
2013,Fruit,Pounds,Dates,,0.37,0.37,,,,,,,,,
2014,Fruit,Pounds,Dates,,0.52,0.52,,,,,,,,,
2015,Fruit,Pounds,Dates,,0.44,0.44,,,,,,,,,
2016,Fruit,Pounds,Dates,,0.36,0.36,,,,,,,,,
1970,Fruit,Pounds,Figs,,0.28,0.28,,,,,,,,,
1971,Fruit,Pounds,Figs,,0.28,0.28,,,,,,,,,
1972,Fruit,Pounds,Figs,,0.27,0.27,,,,,,,,,
1973,Fruit,Pounds,Figs,,0.35,0.35,,,,,,,,,
1974,Fruit,Pounds,Figs,,0.28,0.28,,,,,,,,,
1975,Fruit,Pounds,Figs,,0.36,0.36,,,,,,,,,
1976,Fruit,Pounds,Figs,,0.35,0.35,,,,,,,,,
1977,Fruit,Pounds,Figs,,0.39,0.39,,,,,,,,,
1978,Fruit,Pounds,Figs,,0.36,0.36,,,,,,,,,
1979,Fruit,Pounds,Figs,,0.28,0.28,,,,,,,,,
1980,Fruit,Pounds,Figs,,0.15,0.15,,,,,,,,,
1981,Fruit,Pounds,Figs,,0.19,0.19,,,,,,,,,
1982,Fruit,Pounds,Figs,,0.28,0.28,,,,,,,,,
1983,Fruit,Pounds,Figs,,0.27,0.27,,,,,,,,,
1984,Fruit,Pounds,Figs,,0.34,0.34,,,,,,,,,
1985,Fruit,Pounds,Figs,,0.26,0.26,,,,,,,,,
1986,Fruit,Pounds,Figs,,0.16,0.16,,,,,,,,,
1987,Fruit,Pounds,Figs,,0.18,0.18,,,,,,,,,
1988,Fruit,Pounds,Figs,,0.25,0.25,,,,,,,,,
1989,Fruit,Pounds,Figs,,0.25,0.25,,,,,,,,,
1990,Fruit,Pounds,Figs,,0.25,0.25,,,,,,,,,
1991,Fruit,Pounds,Figs,,0.24,0.24,,,,,,,,,
1992,Fruit,Pounds,Figs,,0.17,0.17,,,,,,,,,
1993,Fruit,Pounds,Figs,,0.23,0.23,,,,,,,,,
1994,Fruit,Pounds,Figs,,0.16,0.16,,,,,,,,,
1995,Fruit,Pounds,Figs,,0.18,0.18,,,,,,,,,
1996,Fruit,Pounds,Figs,,0.17,0.17,,,,,,,,,
1997,Fruit,Pounds,Figs,,0.16,0.16,,,,,,,,,
1998,Fruit,Pounds,Figs,,0.21,0.21,,,,,,,,,
1999,Fruit,Pounds,Figs,,0.19,0.19,,,,,,,,,
2000,Fruit,Pounds,Figs,,0.13,0.13,,,,,,,,,
2001,Fruit,Pounds,Figs,,0.15,0.15,,,,,,,,,
2002,Fruit,Pounds,Figs,,0.2,0.2,,,,,,,,,
2003,Fruit,Pounds,Figs,,0.15,0.15,,,,,,,,,
2004,Fruit,Pounds,Figs,,0.14,0.14,,,,,,,,,
2005,Fruit,Pounds,Figs,,0.14,0.14,,,,,,,,,
2006,Fruit,Pounds,Figs,,0.18,0.18,,,,,,,,,
2007,Fruit,Pounds,Figs,,0.13,0.13,,,,,,,,,
2008,Fruit,Pounds,Figs,,0.22,0.22,,,,,,,,,
2009,Fruit,Pounds,Figs,,0.23,0.23,,,,,,,,,
2010,Fruit,Pounds,Figs,,0.32,0.32,,,,,,,,,
2011,Fruit,Pounds,Figs,,0.35,0.35,,,,,,,,,
2012,Fruit,Pounds,Figs,,0.35,0.35,,,,,,,,,
2013,Fruit,Pounds,Figs,,0.37,0.37,,,,,,,,,
2014,Fruit,Pounds,Figs,,0.52,0.52,,,,,,,,,
2015,Fruit,Pounds,Figs,,0.44,0.44,,,,,,,,,
2016,Fruit,Pounds,Figs,,0.36,0.36,,,,,,,,,
1970,Fruit,Pounds,Grapes,2.92,8.73,11.66,,,,,,,,,
1971,Fruit,Pounds,Grapes,2.56,10.57,13.13,,,,,,,,,
1972,Fruit,Pounds,Grapes,2.54,6.84,9.38,,,,,,,,,
1973,Fruit,Pounds,Grapes,2.91,9.56,12.47,,,,,,,,,
1974,Fruit,Pounds,Grapes,3.17,9.81,12.97,,,,,,,,,
1975,Fruit,Pounds,Grapes,3.65,9.41,13.06,,,,,,,,,
1976,Fruit,Pounds,Grapes,3.57,12.61,16.18,,,,,,,,,
1977,Fruit,Pounds,Grapes,3.58,8.72,12.29,,,,,,,,,
1978,Fruit,Pounds,Grapes,3.12,9.18,12.3,,,,,,,,,
1979,Fruit,Pounds,Grapes,3.49,9.86,13.35,,,,,,,,,
1980,Fruit,Pounds,Grapes,4.04,11.85,15.89,,,,,,,,,
1981,Fruit,Pounds,Grapes,4.11,9.59,13.7,,,,,,,,,
1982,Fruit,Pounds,Grapes,5.79,11.74,17.54,,,,,,,,,
1983,Fruit,Pounds,Grapes,5.65,11.84,17.5,,,,,,,,,
1984,Fruit,Pounds,Grapes,6.15,12.18,18.33,,,,,,,,,
1985,Fruit,Pounds,Grapes,6.92,12.4,19.32,,,,,,,,,
1986,Fruit,Pounds,Grapes,7.18,11.17,18.35,,,,,,,,,
1987,Fruit,Pounds,Grapes,7.12,11.76,18.88,,,,,,,,,
1988,Fruit,Pounds,Grapes,7.77,14.23,22,,,,,,,,,
1989,Fruit,Pounds,Grapes,8.02,12.61,20.62,,,,,,,,,
1990,Fruit,Pounds,Grapes,7.91,11.9,19.81,,,,,,,,,
1991,Fruit,Pounds,Grapes,7.35,12.83,20.19,,,,,,,,,
1992,Fruit,Pounds,Grapes,7.21,11.51,18.72,,,,,,,,,
1993,Fruit,Pounds,Grapes,7.06,12.78,19.84,,,,,,,,,
1994,Fruit,Pounds,Grapes,7.11,11.71,18.82,,,,,,,,,
1995,Fruit,Pounds,Grapes,7.54,14.21,21.74,,,,,,,,,
1996,Fruit,Pounds,Grapes,6.8,11.55,18.35,,,,,,,,,
1997,Fruit,Pounds,Grapes,7.85,11.8,19.65,,,,,,,,,
1998,Fruit,Pounds,Grapes,7.25,11.5,18.75,,,,,,,,,
1999,Fruit,Pounds,Grapes,8.06,12.1,20.16,,,,,,,,,
2000,Fruit,Pounds,Grapes,7.52,11.15,18.67,,,,,,,,,
2001,Fruit,Pounds,Grapes,7.45,10.39,17.84,,,,,,,,,
2002,Fruit,Pounds,Grapes,8.5,11.35,19.84,,,,,,,,,
2003,Fruit,Pounds,Grapes,7.73,11.24,18.97,,,,,,,,,
2004,Fruit,Pounds,Grapes,7.87,10.82,18.69,,,,,,,,,
2005,Fruit,Pounds,Grapes,8.68,12.85,21.53,,,,,,,,,
2006,Fruit,Pounds,Grapes,7.67,12.52,20.19,,,,,,,,,
2007,Fruit,Pounds,Grapes,8.09,13.2,21.29,,,,,,,,,
2008,Fruit,Pounds,Grapes,8.34,12.07,20.4,,,,,,,,,
2009,Fruit,Pounds,Grapes,7.73,10.62,18.35,,,,,,,,,
2010,Fruit,Pounds,Grapes,7.98,10.53,18.51,,,,,,,,,
2011,Fruit,Pounds,Grapes,7.4,11.45,18.85,,,,,,,,,
2012,Fruit,Pounds,Grapes,7.63,9.88,17.51,,,,,,,,,
2013,Fruit,Pounds,Grapes,7.8,11.65,19.46,,,,,,,,,
2014,Fruit,Pounds,Grapes,7.72,11.56,19.28,,,,,,,,,
2015,Fruit,Pounds,Grapes,7.92,11.24,19.16,,,,,,,,,
2016,Fruit,Pounds,Grapes,8.14,10.12,18.25,,,,,,,,,
1970,Fruit,Pounds,Honeydew,,0.91,0.91,,,,,,,,,
1971,Fruit,Pounds,Honeydew,,0.93,0.93,,,,,,,,,
1972,Fruit,Pounds,Honeydew,,1.04,1.04,,,,,,,,,
1973,Fruit,Pounds,Honeydew,,1.11,1.11,,,,,,,,,
1974,Fruit,Pounds,Honeydew,,1.01,1.01,,,,,,,,,
1975,Fruit,Pounds,Honeydew,,1.06,1.06,,,,,,,,,
1976,Fruit,Pounds,Honeydew,,1.02,1.02,,,,,,,,,
1977,Fruit,Pounds,Honeydew,,1.13,1.13,,,,,,,,,
1978,Fruit,Pounds,Honeydew,,1.55,1.55,,,,,,,,,
1979,Fruit,Pounds,Honeydew,,1.59,1.59,,,,,,,,,
1980,Fruit,Pounds,Honeydew,,1.42,1.42,,,,,,,,,
1981,Fruit,Pounds,Honeydew,,1.54,1.54,,,,,,,,,
1982,Fruit,Pounds,Honeydew,,1.83,1.83,,,,,,,,,
1983,Fruit,Pounds,Honeydew,,1.77,1.77,,,,,,,,,
1984,Fruit,Pounds,Honeydew,,1.82,1.82,,,,,,,,,
1985,Fruit,Pounds,Honeydew,,2.09,2.09,,,,,,,,,
1986,Fruit,Pounds,Honeydew,,2.43,2.43,,,,,,,,,
1987,Fruit,Pounds,Honeydew,,2.19,2.19,,,,,,,,,
1988,Fruit,Pounds,Honeydew,,2.35,2.35,,,,,,,,,
1989,Fruit,Pounds,Honeydew,,2.49,2.49,,,,,,,,,
1990,Fruit,Pounds,Honeydew,,2.06,2.06,,,,,,,,,
1991,Fruit,Pounds,Honeydew,,1.9,1.9,,,,,,,,,
1992,Fruit,Pounds,Honeydew,,2.1,2.1,,,,,,,,,
1993,Fruit,Pounds,Honeydew,,1.74,1.74,,,,,,,,,
1994,Fruit,Pounds,Honeydew,,2,2,,,,,,,,,
1995,Fruit,Pounds,Honeydew,,1.89,1.89,,,,,,,,,
1996,Fruit,Pounds,Honeydew,,2.04,2.04,,,,,,,,,
1997,Fruit,Pounds,Honeydew,,2.22,2.22,,,,,,,,,
1998,Fruit,Pounds,Honeydew,,2.34,2.34,,,,,,,,,
1999,Fruit,Pounds,Honeydew,,2.45,2.45,,,,,,,,,
2000,Fruit,Pounds,Honeydew,,2.26,2.26,,,,,,,,,
2001,Fruit,Pounds,Honeydew,,1.97,1.97,,,,,,,,,
2002,Fruit,Pounds,Honeydew,,2.19,2.19,,,,,,,,,
2003,Fruit,Pounds,Honeydew,,2.18,2.18,,,,,,,,,
2004,Fruit,Pounds,Honeydew,,2.05,2.05,,,,,,,,,
2005,Fruit,Pounds,Honeydew,,1.87,1.87,,,,,,,,,
2006,Fruit,Pounds,Honeydew,,1.88,1.88,,,,,,,,,
2007,Fruit,Pounds,Honeydew,,1.83,1.83,,,,,,,,,
2008,Fruit,Pounds,Honeydew,,1.68,1.68,,,,,,,,,
2009,Fruit,Pounds,Honeydew,,1.62,1.62,,,,,,,,,
2010,Fruit,Pounds,Honeydew,,1.67,1.67,,,,,,,,,
2011,Fruit,Pounds,Honeydew,,1.6,1.6,,,,,,,,,
2012,Fruit,Pounds,Honeydew,,1.48,1.48,,,,,,,,,
2013,Fruit,Pounds,Honeydew,,1.61,1.61,,,,,,,,,
2014,Fruit,Pounds,Honeydew,,1.65,1.65,,,,,,,,,
2015,Fruit,Pounds,Honeydew,,1.68,1.68,,,,,,,,,
2016,Fruit,Pounds,Honeydew,,1.6,1.6,,,,,,,,,
1970,Fruit,Pounds,Kiwi,,,,,,,,,,,,
1971,Fruit,Pounds,Kiwi,,,,,,,,,,,,
1972,Fruit,Pounds,Kiwi,,,,,,,,,,,,
1973,Fruit,Pounds,Kiwi,,,,,,,,,,,,
1974,Fruit,Pounds,Kiwi,,,,,,,,,,,,
1975,Fruit,Pounds,Kiwi,,,,,,,,,,,,
1976,Fruit,Pounds,Kiwi,,,,,,,,,,,,
1977,Fruit,Pounds,Kiwi,,,,,,,,,,,,
1978,Fruit,Pounds,Kiwi,,,,,,,,,,,,
1979,Fruit,Pounds,Kiwi,,,,,,,,,,,,
1980,Fruit,Pounds,Kiwi,,,,,,,,,,,,
1981,Fruit,Pounds,Kiwi,,,,,,,,,,,,
1982,Fruit,Pounds,Kiwi,0.1,,0.1,,,,,,,,,
1983,Fruit,Pounds,Kiwi,0.1,,0.1,,,,,,,,,
1984,Fruit,Pounds,Kiwi,0.14,,0.14,,,,,,,,,
1985,Fruit,Pounds,Kiwi,0.18,,0.18,,,,,,,,,
1986,Fruit,Pounds,Kiwi,0.21,,0.21,,,,,,,,,
1987,Fruit,Pounds,Kiwi,0.28,,0.28,,,,,,,,,
1988,Fruit,Pounds,Kiwi,0.33,,0.33,,,,,,,,,
1989,Fruit,Pounds,Kiwi,0.48,,0.48,,,,,,,,,
1990,Fruit,Pounds,Kiwi,0.48,,0.48,,,,,,,,,
1991,Fruit,Pounds,Kiwi,0.32,,0.32,,,,,,,,,
1992,Fruit,Pounds,Kiwi,0.51,,0.51,,,,,,,,,
1993,Fruit,Pounds,Kiwi,0.52,,0.52,,,,,,,,,
1994,Fruit,Pounds,Kiwi,0.51,,0.51,,,,,,,,,
1995,Fruit,Pounds,Kiwi,0.51,,0.51,,,,,,,,,
1996,Fruit,Pounds,Kiwi,0.46,,0.46,,,,,,,,,
1997,Fruit,Pounds,Kiwi,0.52,,0.52,,,,,,,,,
1998,Fruit,Pounds,Kiwi,0.53,,0.53,,,,,,,,,
1999,Fruit,Pounds,Kiwi,0.52,,0.52,,,,,,,,,
2000,Fruit,Pounds,Kiwi,0.56,,0.56,,,,,,,,,
2001,Fruit,Pounds,Kiwi,0.44,,0.44,,,,,,,,,
2002,Fruit,Pounds,Kiwi,0.38,,0.38,,,,,,,,,
2003,Fruit,Pounds,Kiwi,0.38,,0.38,,,,,,,,,
2004,Fruit,Pounds,Kiwi,0.41,,0.41,,,,,,,,,
2005,Fruit,Pounds,Kiwi,0.45,,0.45,,,,,,,,,
2006,Fruit,Pounds,Kiwi,0.47,,0.47,,,,,,,,,
2007,Fruit,Pounds,Kiwi,0.44,,0.44,,,,,,,,,
2008,Fruit,Pounds,Kiwi,0.46,,0.46,,,,,,,,,
2009,Fruit,Pounds,Kiwi,0.5,,0.5,,,,,,,,,
2010,Fruit,Pounds,Kiwi,0.5,,0.5,,,,,,,,,
2011,Fruit,Pounds,Kiwi,0.58,,0.58,,,,,,,,,
2012,Fruit,Pounds,Kiwi,0.54,,0.54,,,,,,,,,
2013,Fruit,Pounds,Kiwi,0.46,,0.46,,,,,,,,,
2014,Fruit,Pounds,Kiwi,0.56,,0.56,,,,,,,,,
2015,Fruit,Pounds,Kiwi,0.63,,0.63,,,,,,,,,
2016,Fruit,Pounds,Kiwi,0.57,,0.57,,,,,,,,,
1970,Fruit,Pounds,Mangoes,0.07,,0.07,,,,,,,,,
1971,Fruit,Pounds,Mangoes,0.09,,0.09,,,,,,,,,
1972,Fruit,Pounds,Mangoes,0.09,,0.09,,,,,,,,,
1973,Fruit,Pounds,Mangoes,0.11,,0.11,,,,,,,,,
1974,Fruit,Pounds,Mangoes,0.13,,0.13,,,,,,,,,
1975,Fruit,Pounds,Mangoes,0.16,,0.16,,,,,,,,,
1976,Fruit,Pounds,Mangoes,0.19,,0.19,,,,,,,,,
1977,Fruit,Pounds,Mangoes,0.15,,0.15,,,,,,,,,
1978,Fruit,Pounds,Mangoes,0.21,,0.21,,,,,,,,,
1979,Fruit,Pounds,Mangoes,0.21,,0.21,,,,,,,,,
1980,Fruit,Pounds,Mangoes,0.25,,0.25,,,,,,,,,
1981,Fruit,Pounds,Mangoes,0.2,,0.2,,,,,,,,,
1982,Fruit,Pounds,Mangoes,0.29,,0.29,,,,,,,,,
1983,Fruit,Pounds,Mangoes,0.43,,0.43,,,,,,,,,
1984,Fruit,Pounds,Mangoes,0.43,,0.43,,,,,,,,,
1985,Fruit,Pounds,Mangoes,0.43,,0.43,,,,,,,,,
1986,Fruit,Pounds,Mangoes,0.49,,0.49,,,,,,,,,
1987,Fruit,Pounds,Mangoes,0.56,,0.56,,,,,,,,,
1988,Fruit,Pounds,Mangoes,0.38,,0.38,,,,,,,,,
1989,Fruit,Pounds,Mangoes,0.51,,0.51,,,,,,,,,
1990,Fruit,Pounds,Mangoes,0.54,,0.54,,,,,,,,,
1991,Fruit,Pounds,Mangoes,0.85,,0.85,,,,,,,,,
1992,Fruit,Pounds,Mangoes,0.67,,0.67,,,,,,,,,
1993,Fruit,Pounds,Mangoes,0.89,,0.89,,,,,,,,,
1994,Fruit,Pounds,Mangoes,0.97,,0.97,,,,,,,,,
1995,Fruit,Pounds,Mangoes,1.12,,1.12,,,,,,,,,
1996,Fruit,Pounds,Mangoes,1.34,,1.34,,,,,,,,,
1997,Fruit,Pounds,Mangoes,1.43,,1.43,,,,,,,,,
1998,Fruit,Pounds,Mangoes,1.49,,1.49,,,,,,,,,
1999,Fruit,Pounds,Mangoes,1.62,,1.62,,,,,,,,,
2000,Fruit,Pounds,Mangoes,1.75,,1.75,,,,,,,,,
2001,Fruit,Pounds,Mangoes,1.79,,1.79,,,,,,,,,
2002,Fruit,Pounds,Mangoes,1.97,,1.97,,,,,,,,,
2003,Fruit,Pounds,Mangoes,2.06,,2.06,,,,,,,,,
2004,Fruit,Pounds,Mangoes,2.02,,2.02,,,,,,,,,
2005,Fruit,Pounds,Mangoes,1.88,,1.88,,,,,,,,,
2006,Fruit,Pounds,Mangoes,2.1,,2.1,,,,,,,,,
2007,Fruit,Pounds,Mangoes,2.1,,2.1,,,,,,,,,
2008,Fruit,Pounds,Mangoes,2.1,,2.1,,,,,,,,,
2009,Fruit,Pounds,Mangoes,2.02,,2.02,,,,,,,,,
2010,Fruit,Pounds,Mangoes,2.24,,2.24,,,,,,,,,
2011,Fruit,Pounds,Mangoes,2.53,,2.53,,,,,,,,,
2012,Fruit,Pounds,Mangoes,2.49,,2.49,,,,,,,,,
2013,Fruit,Pounds,Mangoes,2.87,,2.87,,,,,,,,,
2014,Fruit,Pounds,Mangoes,2.52,,2.52,,,,,,,,,
2015,Fruit,Pounds,Mangoes,2.6,,2.6,,,,,,,,,
2016,Fruit,Pounds,Mangoes,2.96,,2.96,,,,,,,,,
1970,Fruit,Pounds,Olives,0.07,,0.07,,,,,,,,,
1971,Fruit,Pounds,Olives,0.09,,0.09,,,,,,,,,
1972,Fruit,Pounds,Olives,0.09,,0.09,,,,,,,,,
1973,Fruit,Pounds,Olives,0.11,,0.11,,,,,,,,,
1974,Fruit,Pounds,Olives,0.13,,0.13,,,,,,,,,
1975,Fruit,Pounds,Olives,0.16,,0.16,,,,,,,,,
1976,Fruit,Pounds,Olives,0.19,,0.19,,,,,,,,,
1977,Fruit,Pounds,Olives,0.15,,0.15,,,,,,,,,
1978,Fruit,Pounds,Olives,0.21,,0.21,,,,,,,,,
1979,Fruit,Pounds,Olives,0.21,,0.21,,,,,,,,,
1980,Fruit,Pounds,Olives,0.25,,0.25,,,,,,,,,
1981,Fruit,Pounds,Olives,0.2,,0.2,,,,,,,,,
1982,Fruit,Pounds,Olives,0.29,,0.29,,,,,,,,,
1983,Fruit,Pounds,Olives,0.43,,0.43,,,,,,,,,
1984,Fruit,Pounds,Olives,0.43,,0.43,,,,,,,,,
1985,Fruit,Pounds,Olives,0.43,,0.43,,,,,,,,,
1986,Fruit,Pounds,Olives,0.49,,0.49,,,,,,,,,
1987,Fruit,Pounds,Olives,0.56,,0.56,,,,,,,,,
1988,Fruit,Pounds,Olives,0.38,,0.38,,,,,,,,,
1989,Fruit,Pounds,Olives,0.51,,0.51,,,,,,,,,
1990,Fruit,Pounds,Olives,0.54,,0.54,,,,,,,,,
1991,Fruit,Pounds,Olives,0.85,,0.85,,,,,,,,,
1992,Fruit,Pounds,Olives,0.67,,0.67,,,,,,,,,
1993,Fruit,Pounds,Olives,0.89,,0.89,,,,,,,,,
1994,Fruit,Pounds,Olives,0.97,,0.97,,,,,,,,,
1995,Fruit,Pounds,Olives,1.12,,1.12,,,,,,,,,
1996,Fruit,Pounds,Olives,1.34,,1.34,,,,,,,,,
1997,Fruit,Pounds,Olives,1.43,,1.43,,,,,,,,,
1998,Fruit,Pounds,Olives,1.49,,1.49,,,,,,,,,
1999,Fruit,Pounds,Olives,1.62,,1.62,,,,,,,,,
2000,Fruit,Pounds,Olives,1.75,,1.75,,,,,,,,,
2001,Fruit,Pounds,Olives,1.79,,1.79,,,,,,,,,
2002,Fruit,Pounds,Olives,1.97,,1.97,,,,,,,,,
2003,Fruit,Pounds,Olives,2.06,,2.06,,,,,,,,,
2004,Fruit,Pounds,Olives,2.02,,2.02,,,,,,,,,
2005,Fruit,Pounds,Olives,1.88,,1.88,,,,,,,,,
2006,Fruit,Pounds,Olives,2.1,,2.1,,,,,,,,,
2007,Fruit,Pounds,Olives,2.1,,2.1,,,,,,,,,
2008,Fruit,Pounds,Olives,2.1,,2.1,,,,,,,,,
2009,Fruit,Pounds,Olives,2.02,,2.02,,,,,,,,,
2010,Fruit,Pounds,Olives,2.24,,2.24,,,,,,,,,
2011,Fruit,Pounds,Olives,2.53,,2.53,,,,,,,,,
2012,Fruit,Pounds,Olives,2.49,,2.49,,,,,,,,,
2013,Fruit,Pounds,Olives,2.87,,2.87,,,,,,,,,
2014,Fruit,Pounds,Olives,2.52,,2.52,,,,,,,,,
2015,Fruit,Pounds,Olives,2.6,,2.6,,,,,,,,,
2016,Fruit,Pounds,Olives,2.96,,2.96,,,,,,,,,
1970,Fruit,Pounds,Papayas,0.12,,0.12,,,,,,,,,
1971,Fruit,Pounds,Papayas,0.1,,0.1,,,,,,,,,
1972,Fruit,Pounds,Papayas,0.11,,0.11,,,,,,,,,
1973,Fruit,Pounds,Papayas,0.14,,0.14,,,,,,,,,
1974,Fruit,Pounds,Papayas,0.16,,0.16,,,,,,,,,
1975,Fruit,Pounds,Papayas,0.16,,0.16,,,,,,,,,
1976,Fruit,Pounds,Papayas,0.2,,0.2,,,,,,,,,
1977,Fruit,Pounds,Papayas,0.25,,0.25,,,,,,,,,
1978,Fruit,Pounds,Papayas,0.25,,0.25,,,,,,,,,
1979,Fruit,Pounds,Papayas,0.17,,0.17,,,,,,,,,
1980,Fruit,Pounds,Papayas,0.21,,0.21,,,,,,,,,
1981,Fruit,Pounds,Papayas,0.22,,0.22,,,,,,,,,
1982,Fruit,Pounds,Papayas,0.15,,0.15,,,,,,,,,
1983,Fruit,Pounds,Papayas,0.18,,0.18,,,,,,,,,
1984,Fruit,Pounds,Papayas,0.26,,0.26,,,,,,,,,
1985,Fruit,Pounds,Papayas,0.18,,0.18,,,,,,,,,
1986,Fruit,Pounds,Papayas,0.18,,0.18,,,,,,,,,
1987,Fruit,Pounds,Papayas,0.19,,0.19,,,,,,,,,
1988,Fruit,Pounds,Papayas,0.16,,0.16,,,,,,,,,
1989,Fruit,Pounds,Papayas,0.14,,0.14,,,,,,,,,
1990,Fruit,Pounds,Papayas,0.18,,0.18,,,,,,,,,
1991,Fruit,Pounds,Papayas,0.17,,0.17,,,,,,,,,
1992,Fruit,Pounds,Papayas,0.24,,0.24,,,,,,,,,
1993,Fruit,Pounds,Papayas,0.28,,0.28,,,,,,,,,
1994,Fruit,Pounds,Papayas,0.3,,0.3,,,,,,,,,
1995,Fruit,Pounds,Papayas,0.37,,0.37,,,,,,,,,
1996,Fruit,Pounds,Papayas,0.54,,0.54,,,,,,,,,
1997,Fruit,Pounds,Papayas,0.47,,0.47,,,,,,,,,
1998,Fruit,Pounds,Papayas,0.47,,0.47,,,,,,,,,
1999,Fruit,Pounds,Papayas,0.62,,0.62,,,,,,,,,
2000,Fruit,Pounds,Papayas,0.68,,0.68,,,,,,,,,
2001,Fruit,Pounds,Papayas,0.78,,0.78,,,,,,,,,
2002,Fruit,Pounds,Papayas,0.79,,0.79,,,,,,,,,
2003,Fruit,Pounds,Papayas,0.87,,0.87,,,,,,,,,
2004,Fruit,Pounds,Papayas,1.03,,1.03,,,,,,,,,
2005,Fruit,Pounds,Papayas,0.94,,0.94,,,,,,,,,
2006,Fruit,Pounds,Papayas,1.04,,1.04,,,,,,,,,
2007,Fruit,Pounds,Papayas,1.08,,1.08,,,,,,,,,
2008,Fruit,Pounds,Papayas,0.98,,0.98,,,,,,,,,
2009,Fruit,Pounds,Papayas,1.2,,1.2,,,,,,,,,
2010,Fruit,Pounds,Papayas,1.17,,1.17,,,,,,,,,
2011,Fruit,Pounds,Papayas,1.05,,1.05,,,,,,,,,
2012,Fruit,Pounds,Papayas,0.97,,0.97,,,,,,,,,
2013,Fruit,Pounds,Papayas,1.12,,1.12,,,,,,,,,
2014,Fruit,Pounds,Papayas,1.14,,1.14,,,,,,,,,
2015,Fruit,Pounds,Papayas,1.33,,1.33,,,,,,,,,
2016,Fruit,Pounds,Papayas,1.43,,1.43,,,,,,,,,
1970,Fruit,Pounds,Peaches,5.82,7.25,13.07,,,,,,,,,
1971,Fruit,Pounds,Peaches,5.66,7.29,12.94,,,,,,,,,
1972,Fruit,Pounds,Peaches,3.88,6.64,10.52,,,,,,,,,
1973,Fruit,Pounds,Peaches,4.26,6.17,10.43,,,,,,,,,
1974,Fruit,Pounds,Peaches,4.34,7.14,11.47,,,,,,,,,
1975,Fruit,Pounds,Peaches,4.98,6.4,11.38,,,,,,,,,
1976,Fruit,Pounds,Peaches,5.14,6.23,11.36,,,,,,,,,
1977,Fruit,Pounds,Peaches,5.09,6.6,11.7,,,,,,,,,
1978,Fruit,Pounds,Peaches,6.09,5.93,12.02,,,,,,,,,
1979,Fruit,Pounds,Peaches,6.66,5.99,12.65,,,,,,,,,
1980,Fruit,Pounds,Peaches,7.08,6.14,13.22,,,,,,,,,
1981,Fruit,Pounds,Peaches,6.87,5.02,11.89,,,,,,,,,
1982,Fruit,Pounds,Peaches,5.35,4.81,10.16,,,,,,,,,
1983,Fruit,Pounds,Peaches,5.43,4.27,9.7,,,,,,,,,
1984,Fruit,Pounds,Peaches,6.7,4.6,11.3,,,,,,,,,
1985,Fruit,Pounds,Peaches,5.5,4.6,10.1,,,,,,,,,
1986,Fruit,Pounds,Peaches,5.84,4.82,10.65,,,,,,,,,
1987,Fruit,Pounds,Peaches,6.05,4.45,10.5,,,,,,,,,
1988,Fruit,Pounds,Peaches,6.75,4.66,11.41,,,,,,,,,
1989,Fruit,Pounds,Peaches,5.86,4.52,10.38,,,,,,,,,
1990,Fruit,Pounds,Peaches,5.54,4.33,9.87,,,,,,,,,
1991,Fruit,Pounds,Peaches,6.41,4.76,11.17,,,,,,,,,
1992,Fruit,Pounds,Peaches,5.99,4.94,10.93,,,,,,,,,
1993,Fruit,Pounds,Peaches,5.84,4.49,10.33,,,,,,,,,
1994,Fruit,Pounds,Peaches,5.42,4.67,10.08,,,,,,,,,
1995,Fruit,Pounds,Peaches,5.32,3.64,8.97,,,,,,,,,
1996,Fruit,Pounds,Peaches,4.38,4.36,8.74,,,,,,,,,
1997,Fruit,Pounds,Peaches,5.51,4.66,10.17,,,,,,,,,
1998,Fruit,Pounds,Peaches,4.69,4.06,8.76,,,,,,,,,
1999,Fruit,Pounds,Peaches,5.28,4.27,9.56,,,,,,,,,
2000,Fruit,Pounds,Peaches,5.3,4.7,10,,,,,,,,,
2001,Fruit,Pounds,Peaches,5.16,4.35,9.51,,,,,,,,,
2002,Fruit,Pounds,Peaches,5.23,4.63,9.85,,,,,,,,,
2003,Fruit,Pounds,Peaches,5.17,4.41,9.58,,,,,,,,,
2004,Fruit,Pounds,Peaches,5.15,4.55,9.7,,,,,,,,,
2005,Fruit,Pounds,Peaches,4.83,4.32,9.15,,,,,,,,,
2006,Fruit,Pounds,Peaches,4.58,3.66,8.24,,,,,,,,,
2007,Fruit,Pounds,Peaches,4.46,4.74,9.2,,,,,,,,,
2008,Fruit,Pounds,Peaches,5.08,4.01,9.09,,,,,,,,,
2009,Fruit,Pounds,Peaches,4.41,4.18,8.59,,,,,,,,,
2010,Fruit,Pounds,Peaches,4.73,4.08,8.8,,,,,,,,,
2011,Fruit,Pounds,Peaches,4.46,3.4,7.87,,,,,,,,,
2012,Fruit,Pounds,Peaches,3.86,3.45,7.31,,,,,,,,,
2013,Fruit,Pounds,Peaches,3.01,3.59,6.59,,,,,,,,,
2014,Fruit,Pounds,Peaches,3.26,3.4,6.66,,,,,,,,,
2015,Fruit,Pounds,Peaches,3.02,3.6,6.63,,,,,,,,,
2016,Fruit,Pounds,Peaches,2.86,3.29,6.15,,,,,,,,,
1970,Fruit,Pounds,Pears,1.92,3.37,5.29,,,,,,,,,
1971,Fruit,Pounds,Pears,2.57,4.1,6.66,,,,,,,,,
1972,Fruit,Pounds,Pears,2.31,3.73,6.04,,,,,,,,,
1973,Fruit,Pounds,Pears,2.59,4.11,6.7,,,,,,,,,
1974,Fruit,Pounds,Pears,2.51,3.82,6.32,,,,,,,,,
1975,Fruit,Pounds,Pears,2.77,3.96,6.73,,,,,,,,,
1976,Fruit,Pounds,Pears,2.85,4.42,7.27,,,,,,,,,
1977,Fruit,Pounds,Pears,2.39,4.57,6.97,,,,,,,,,
1978,Fruit,Pounds,Pears,2.31,3.9,6.21,,,,,,,,,
1979,Fruit,Pounds,Pears,2.31,4.76,7.07,,,,,,,,,
1980,Fruit,Pounds,Pears,2.64,4.69,7.34,,,,,,,,,
1981,Fruit,Pounds,Pears,2.85,4.48,7.33,,,,,,,,,
1982,Fruit,Pounds,Pears,2.87,4.15,7.03,,,,,,,,,
1983,Fruit,Pounds,Pears,3.02,3.74,6.75,,,,,,,,,
1984,Fruit,Pounds,Pears,2.56,3.27,5.83,,,,,,,,,
1985,Fruit,Pounds,Pears,2.81,3.3,6.11,,,,,,,,,
1986,Fruit,Pounds,Pears,3,3.53,6.53,,,,,,,,,
1987,Fruit,Pounds,Pears,3.54,3.98,7.53,,,,,,,,,
1988,Fruit,Pounds,Pears,3.25,3.61,6.86,,,,,,,,,
1989,Fruit,Pounds,Pears,3.3,3.81,7.11,,,,,,,,,
1990,Fruit,Pounds,Pears,3.26,4.03,7.29,,,,,,,,,
1991,Fruit,Pounds,Pears,3.18,3.52,6.7,,,,,,,,,
1992,Fruit,Pounds,Pears,3.16,3.8,6.96,,,,,,,,,
1993,Fruit,Pounds,Pears,3.39,3.46,6.85,,,,,,,,,
1994,Fruit,Pounds,Pears,3.48,3.81,7.29,,,,,,,,,
1995,Fruit,Pounds,Pears,3.39,3.02,6.41,,,,,,,,,
1996,Fruit,Pounds,Pears,3.09,2.87,5.96,,,,,,,,,
1997,Fruit,Pounds,Pears,3.43,3.51,6.94,,,,,,,,,
1998,Fruit,Pounds,Pears,3.47,3.36,6.83,,,,,,,,,
1999,Fruit,Pounds,Pears,3.57,3.46,7.03,,,,,,,,,
2000,Fruit,Pounds,Pears,3.43,2.88,6.31,,,,,,,,,
2001,Fruit,Pounds,Pears,3.28,3.03,6.32,,,,,,,,,
2002,Fruit,Pounds,Pears,3.09,2.64,5.73,,,,,,,,,
2003,Fruit,Pounds,Pears,3.11,2.7,5.81,,,,,,,,,
2004,Fruit,Pounds,Pears,2.98,2.55,5.54,,,,,,,,,
2005,Fruit,Pounds,Pears,2.94,2.32,5.26,,,,,,,,,
2006,Fruit,Pounds,Pears,3.22,2.41,5.63,,,,,,,,,
2007,Fruit,Pounds,Pears,3.12,2.31,5.43,,,,,,,,,
2008,Fruit,Pounds,Pears,3.14,2.26,5.4,,,,,,,,,
2009,Fruit,Pounds,Pears,3.21,2.46,5.68,,,,,,,,,
2010,Fruit,Pounds,Pears,2.93,1.96,4.88,,,,,,,,,
2011,Fruit,Pounds,Pears,3.23,2.17,5.4,,,,,,,,,
2012,Fruit,Pounds,Pears,2.78,2.05,4.83,,,,,,,,,
2013,Fruit,Pounds,Pears,2.86,2.03,4.88,,,,,,,,,
2014,Fruit,Pounds,Pears,2.87,1.98,4.85,,,,,,,,,
2015,Fruit,Pounds,Pears,2.68,2.01,4.69,,,,,,,,,
2016,Fruit,Pounds,Pears,2.78,1.6,4.37,,,,,,,,,
1970,Fruit,Pounds,Pineapple,0.7,11.13,11.83,,,,,,,,,
1971,Fruit,Pounds,Pineapple,0.64,11.08,11.73,,,,,,,,,
1972,Fruit,Pounds,Pineapple,0.77,10.62,11.4,,,,,,,,,
1973,Fruit,Pounds,Pineapple,0.91,8.69,9.59,,,,,,,,,
1974,Fruit,Pounds,Pineapple,0.9,7.83,8.72,,,,,,,,,
1975,Fruit,Pounds,Pineapple,1.03,9.1,10.12,,,,,,,,,
1976,Fruit,Pounds,Pineapple,1.14,9.12,10.26,,,,,,,,,
1977,Fruit,Pounds,Pineapple,1.36,9.56,10.92,,,,,,,,,
1978,Fruit,Pounds,Pineapple,1.43,9.37,10.81,,,,,,,,,
1979,Fruit,Pounds,Pineapple,1.45,10.55,12,,,,,,,,,
1980,Fruit,Pounds,Pineapple,1.49,10.57,12.06,,,,,,,,,
1981,Fruit,Pounds,Pineapple,1.54,9.7,11.24,,,,,,,,,
1982,Fruit,Pounds,Pineapple,1.65,9.8,11.45,,,,,,,,,
1983,Fruit,Pounds,Pineapple,1.68,9.73,11.4,,,,,,,,,
1984,Fruit,Pounds,Pineapple,1.5,9.07,10.57,,,,,,,,,
1985,Fruit,Pounds,Pineapple,1.47,10.74,12.21,,,,,,,,,
1986,Fruit,Pounds,Pineapple,1.72,12.02,13.74,,,,,,,,,
1987,Fruit,Pounds,Pineapple,1.62,11.59,13.2,,,,,,,,,
1988,Fruit,Pounds,Pineapple,1.76,11.48,13.24,,,,,,,,,
1989,Fruit,Pounds,Pineapple,1.96,12.19,14.16,,,,,,,,,
1990,Fruit,Pounds,Pineapple,2.05,12.65,14.7,,,,,,,,,
1991,Fruit,Pounds,Pineapple,1.91,12.8,14.71,,,,,,,,,
1992,Fruit,Pounds,Pineapple,1.99,13.17,15.16,,,,,,,,,
1993,Fruit,Pounds,Pineapple,2.04,11.75,13.78,,,,,,,,,
1994,Fruit,Pounds,Pineapple,2.02,10.58,12.6,,,,,,,,,
1995,Fruit,Pounds,Pineapple,1.91,10.43,12.34,,,,,,,,,
1996,Fruit,Pounds,Pineapple,1.89,10.43,12.32,,,,,,,,,
1997,Fruit,Pounds,Pineapple,2.34,9.8,12.14,,,,,,,,,
1998,Fruit,Pounds,Pineapple,2.75,8.17,10.93,,,,,,,,,
1999,Fruit,Pounds,Pineapple,3.03,10.03,13.06,,,,,,,,,
2000,Fruit,Pounds,Pineapple,3.22,9.34,12.56,,,,,,,,,
2001,Fruit,Pounds,Pineapple,3.16,9.02,12.18,,,,,,,,,
2002,Fruit,Pounds,Pineapple,3.82,9.31,13.13,,,,,,,,,
2003,Fruit,Pounds,Pineapple,4.39,9.77,14.16,,,,,,,,,
2004,Fruit,Pounds,Pineapple,4.43,8.47,12.91,,,,,,,,,
2005,Fruit,Pounds,Pineapple,4.9,8.61,13.51,,,,,,,,,
2006,Fruit,Pounds,Pineapple,5.2,8.78,13.98,,,,,,,,,
2007,Fruit,Pounds,Pineapple,5.02,7.58,12.6,,,,,,,,,
2008,Fruit,Pounds,Pineapple,5.07,8.38,13.46,,,,,,,,,
2009,Fruit,Pounds,Pineapple,5.09,8.2,13.28,,,,,,,,,
2010,Fruit,Pounds,Pineapple,5.7,7.07,12.76,,,,,,,,,
2011,Fruit,Pounds,Pineapple,5.72,7.41,13.13,,,,,,,,,
2012,Fruit,Pounds,Pineapple,6.42,7.13,13.55,,,,,,,,,
2013,Fruit,Pounds,Pineapple,6.74,7.16,13.9,,,,,,,,,
2014,Fruit,Pounds,Pineapple,7.19,6.85,14.03,,,,,,,,,
2015,Fruit,Pounds,Pineapple,6.98,6.92,13.9,,,,,,,,,
2016,Fruit,Pounds,Pineapple,7.28,6.83,14.1,,,,,,,,,
1970,Fruit,Pounds,Plums,1.48,3.68,5.16,,,,,,,,,
1971,Fruit,Pounds,Plums,1.28,3.3,4.59,,,,,,,,,
1972,Fruit,Pounds,Plums,1.09,2.82,3.91,,,,,,,,,
1973,Fruit,Pounds,Plums,1.15,2.53,3.67,,,,,,,,,
1974,Fruit,Pounds,Plums,1.5,2.81,4.31,,,,,,,,,
1975,Fruit,Pounds,Plums,1.33,2.76,4.09,,,,,,,,,
1976,Fruit,Pounds,Plums,1.25,2.77,4.02,,,,,,,,,
1977,Fruit,Pounds,Plums,1.55,2.86,4.4,,,,,,,,,
1978,Fruit,Pounds,Plums,1.54,2.46,4,,,,,,,,,
1979,Fruit,Pounds,Plums,1.63,2.41,4.04,,,,,,,,,
1980,Fruit,Pounds,Plums,1.54,2.41,3.95,,,,,,,,,
1981,Fruit,Pounds,Plums,1.71,2.5,4.21,,,,,,,,,
1982,Fruit,Pounds,Plums,1.07,2.52,3.58,,,,,,,,,
1983,Fruit,Pounds,Plums,1.41,2.36,3.78,,,,,,,,,
1984,Fruit,Pounds,Plums,1.84,2.12,3.96,,,,,,,,,
1985,Fruit,Pounds,Plums,1.43,2.3,3.73,,,,,,,,,
1986,Fruit,Pounds,Plums,1.29,2.21,3.51,,,,,,,,,
1987,Fruit,Pounds,Plums,1.91,2.69,4.6,,,,,,,,,
1988,Fruit,Pounds,Plums,1.72,2.46,4.17,,,,,,,,,
1989,Fruit,Pounds,Plums,1.41,2.54,3.95,,,,,,,,,
1990,Fruit,Pounds,Plums,1.54,2.24,3.78,,,,,,,,,
1991,Fruit,Pounds,Plums,1.42,2.18,3.6,,,,,,,,,
1992,Fruit,Pounds,Plums,1.77,1.92,3.69,,,,,,,,,
1993,Fruit,Pounds,Plums,1.27,1.74,3.01,,,,,,,,,
1994,Fruit,Pounds,Plums,1.6,1.96,3.56,,,,,,,,,
1995,Fruit,Pounds,Plums,0.93,1.83,2.76,,,,,,,,,
1996,Fruit,Pounds,Plums,1.43,2.21,3.64,,,,,,,,,
1997,Fruit,Pounds,Plums,1.51,1.82,3.33,,,,,,,,,
1998,Fruit,Pounds,Plums,1.18,1.85,3.03,,,,,,,,,
1999,Fruit,Pounds,Plums,1.27,1.43,2.7,,,,,,,,,
2000,Fruit,Pounds,Plums,1.19,1.56,2.75,,,,,,,,,
2001,Fruit,Pounds,Plums,1.33,1.57,2.89,,,,,,,,,
2002,Fruit,Pounds,Plums,1.26,1.72,2.98,,,,,,,,,
2003,Fruit,Pounds,Plums,1.24,1.53,2.78,,,,,,,,,
2004,Fruit,Pounds,Plums,1.12,1.35,2.47,,,,,,,,,
2005,Fruit,Pounds,Plums,1.11,1.36,2.47,,,,,,,,,
2006,Fruit,Pounds,Plums,1.02,1.23,2.25,,,,,,,,,
2007,Fruit,Pounds,Plums,1.01,1.33,2.34,,,,,,,,,
2008,Fruit,Pounds,Plums,0.92,1.28,2.21,,,,,,,,,
2009,Fruit,Pounds,Plums,0.73,1.25,1.99,,,,,,,,,
2010,Fruit,Pounds,Plums,0.78,1.42,2.2,,,,,,,,,
2011,Fruit,Pounds,Plums,0.87,1.58,2.45,,,,,,,,,
2012,Fruit,Pounds,Plums,0.62,1.31,1.93,,,,,,,,,
2013,Fruit,Pounds,Plums,0.51,1.37,1.88,,,,,,,,,
2014,Fruit,Pounds,Plums,0.58,1.32,1.9,,,,,,,,,
2015,Fruit,Pounds,Plums,0.64,1.28,1.92,,,,,,,,,
2016,Fruit,Pounds,Plums,0.82,1.43,2.26,,,,,,,,,
1970,Fruit,Pounds,Raspberries,,0.17,0.17,,,,,,,,,
1971,Fruit,Pounds,Raspberries,,0.17,0.17,,,,,,,,,
1972,Fruit,Pounds,Raspberries,,0.13,0.13,,,,,,,,,
1973,Fruit,Pounds,Raspberries,,0.11,0.11,,,,,,,,,
1974,Fruit,Pounds,Raspberries,,0.1,0.1,,,,,,,,,
1975,Fruit,Pounds,Raspberries,,0.1,0.1,,,,,,,,,
1976,Fruit,Pounds,Raspberries,,0.13,0.13,,,,,,,,,
1977,Fruit,Pounds,Raspberries,,0.14,0.14,,,,,,,,,
1978,Fruit,Pounds,Raspberries,,0.11,0.11,,,,,,,,,
1979,Fruit,Pounds,Raspberries,,0.08,0.08,,,,,,,,,
1980,Fruit,Pounds,Raspberries,,0.08,0.08,,,,,,,,,
1981,Fruit,Pounds,Raspberries,,0.08,0.08,,,,,,,,,
1982,Fruit,Pounds,Raspberries,,0.07,0.07,,,,,,,,,
1983,Fruit,Pounds,Raspberries,,0.08,0.08,,,,,,,,,
1984,Fruit,Pounds,Raspberries,,0.06,0.06,,,,,,,,,
1985,Fruit,Pounds,Raspberries,,0.1,0.1,,,,,,,,,
1986,Fruit,Pounds,Raspberries,,0.1,0.1,,,,,,,,,
1987,Fruit,Pounds,Raspberries,,0.08,0.08,,,,,,,,,
1988,Fruit,Pounds,Raspberries,,0.12,0.12,,,,,,,,,
1989,Fruit,Pounds,Raspberries,,0.23,0.23,,,,,,,,,
1990,Fruit,Pounds,Raspberries,,0.21,0.21,,,,,,,,,
1991,Fruit,Pounds,Raspberries,,0.2,0.2,,,,,,,,,
1992,Fruit,Pounds,Raspberries,0.04,0.29,0.33,,,,,,,,,
1993,Fruit,Pounds,Raspberries,0.06,0.3,0.35,,,,,,,,,
1994,Fruit,Pounds,Raspberries,0.08,0.31,0.39,,,,,,,,,
1995,Fruit,Pounds,Raspberries,0.05,0.33,0.38,,,,,,,,,
1996,Fruit,Pounds,Raspberries,0.05,0.34,0.39,,,,,,,,,
1997,Fruit,Pounds,Raspberries,0.05,0.33,0.38,,,,,,,,,
1998,Fruit,Pounds,Raspberries,0.04,0.38,0.42,,,,,,,,,
1999,Fruit,Pounds,Raspberries,0.05,0.34,0.39,,,,,,,,,
2000,Fruit,Pounds,Raspberries,0.06,0.39,0.44,,,,,,,,,
2001,Fruit,Pounds,Raspberries,0.06,0.43,0.49,,,,,,,,,
2002,Fruit,Pounds,Raspberries,0.06,0.34,0.4,,,,,,,,,
2003,Fruit,Pounds,Raspberries,0.14,0.42,0.57,,,,,,,,,
2004,Fruit,Pounds,Raspberries,0.13,0.37,0.49,,,,,,,,,
2005,Fruit,Pounds,Raspberries,0.1,0.43,0.53,,,,,,,,,
2006,Fruit,Pounds,Raspberries,0.25,0.41,0.66,,,,,,,,,
2007,Fruit,Pounds,Raspberries,0.18,0.43,0.62,,,,,,,,,
2008,Fruit,Pounds,Raspberries,0.15,0.36,0.51,,,,,,,,,
2009,Fruit,Pounds,Raspberries,0.27,0.33,0.6,,,,,,,,,
2010,Fruit,Pounds,Raspberries,0.2,0.38,0.59,,,,,,,,,
2011,Fruit,Pounds,Raspberries,0.31,0.37,0.69,,,,,,,,,
2012,Fruit,Pounds,Raspberries,0.32,0.4,0.73,,,,,,,,,
2013,Fruit,Pounds,Raspberries,0.38,0.38,0.76,,,,,,,,,
2014,Fruit,Pounds,Raspberries,0.49,0.53,1.03,,,,,,,,,
2015,Fruit,Pounds,Raspberries,0.84,0.59,1.42,,,,,,,,,
2016,Fruit,Pounds,Raspberries,0.86,0.5,1.36,,,,,,,,,
1970,Fruit,Pounds,Strawberries,1.73,1.18,2.91,,,,,,,,,
1971,Fruit,Pounds,Strawberries,1.83,1.27,3.1,,,,,,,,,
1972,Fruit,Pounds,Strawberries,1.67,1.18,2.84,,,,,,,,,
1973,Fruit,Pounds,Strawberries,1.58,1.1,2.68,,,,,,,,,
1974,Fruit,Pounds,Strawberries,1.83,1.06,2.89,,,,,,,,,
1975,Fruit,Pounds,Strawberries,1.8,1.23,3.02,,,,,,,,,
1976,Fruit,Pounds,Strawberries,1.66,1.1,2.76,,,,,,,,,
1977,Fruit,Pounds,Strawberries,1.91,1.05,2.96,,,,,,,,,
1978,Fruit,Pounds,Strawberries,2.12,1.17,3.29,,,,,,,,,
1979,Fruit,Pounds,Strawberries,1.9,1.08,2.98,,,,,,,,,
1980,Fruit,Pounds,Strawberries,1.97,1.22,3.19,,,,,,,,,
1981,Fruit,Pounds,Strawberries,2.17,1.16,3.34,,,,,,,,,
1982,Fruit,Pounds,Strawberries,2.37,1.06,3.43,,,,,,,,,
1983,Fruit,Pounds,Strawberries,2.32,1.11,3.43,,,,,,,,,
1984,Fruit,Pounds,Strawberries,2.96,1.07,4.04,,,,,,,,,
1985,Fruit,Pounds,Strawberries,2.99,1.05,4.04,,,,,,,,,
1986,Fruit,Pounds,Strawberries,2.89,1.12,4.01,,,,,,,,,
1987,Fruit,Pounds,Strawberries,3.11,1.13,4.25,,,,,,,,,
1988,Fruit,Pounds,Strawberries,3.33,1.17,4.5,,,,,,,,,
1989,Fruit,Pounds,Strawberries,3.25,1.23,4.48,,,,,,,,,
1990,Fruit,Pounds,Strawberries,3.24,1.12,4.36,,,,,,,,,
1991,Fruit,Pounds,Strawberries,3.57,1.24,4.81,,,,,,,,,
1992,Fruit,Pounds,Strawberries,3.59,1.19,4.77,,,,,,,,,
1993,Fruit,Pounds,Strawberries,3.61,1.16,4.77,,,,,,,,,
1994,Fruit,Pounds,Strawberries,4.04,1.12,5.16,,,,,,,,,
1995,Fruit,Pounds,Strawberries,4.1,1.27,5.37,,,,,,,,,
1996,Fruit,Pounds,Strawberries,4.32,1.26,5.58,,,,,,,,,
1997,Fruit,Pounds,Strawberries,4.1,1.09,5.18,,,,,,,,,
1998,Fruit,Pounds,Strawberries,3.92,1.25,5.16,,,,,,,,,
1999,Fruit,Pounds,Strawberries,4.57,1.2,5.77,,,,,,,,,
2000,Fruit,Pounds,Strawberries,4.86,1.4,6.27,,,,,,,,,
2001,Fruit,Pounds,Strawberries,4.21,1.63,5.84,,,,,,,,,
2002,Fruit,Pounds,Strawberries,4.65,1.43,6.08,,,,,,,,,
2003,Fruit,Pounds,Strawberries,5.29,1.68,6.96,,,,,,,,,
2004,Fruit,Pounds,Strawberries,5.47,1.49,6.96,,,,,,,,,
2005,Fruit,Pounds,Strawberries,5.83,1.9,7.72,,,,,,,,,
2006,Fruit,Pounds,Strawberries,6.14,1.87,8.01,,,,,,,,,
2007,Fruit,Pounds,Strawberries,6.26,1.69,7.95,,,,,,,,,
2008,Fruit,Pounds,Strawberries,6.45,1.78,8.22,,,,,,,,,
2009,Fruit,Pounds,Strawberries,7.17,1.54,8.71,,,,,,,,,
2010,Fruit,Pounds,Strawberries,7.23,1.93,9.16,,,,,,,,,
2011,Fruit,Pounds,Strawberries,7.36,1.65,9,,,,,,,,,
2012,Fruit,Pounds,Strawberries,7.97,1.84,9.81,,,,,,,,,
2013,Fruit,Pounds,Strawberries,8,1.74,9.74,,,,,,,,,
2014,Fruit,Pounds,Strawberries,7.96,1.95,9.91,,,,,,,,,
2015,Fruit,Pounds,Strawberries,7.72,1.92,9.64,,,,,,,,,
2016,Fruit,Pounds,Strawberries,8.03,1.77,9.81,,,,,,,,,
1970,Fruit,Pounds,Watermelon,13.49,,13.49,,,,,,,,,
1971,Fruit,Pounds,Watermelon,13.04,,13.04,,,,,,,,,
1972,Fruit,Pounds,Watermelon,12.31,,12.31,,,,,,,,,
1973,Fruit,Pounds,Watermelon,12.74,,12.74,,,,,,,,,
1974,Fruit,Pounds,Watermelon,11.32,,11.32,,,,,,,,,
1975,Fruit,Pounds,Watermelon,11.44,,11.44,,,,,,,,,
1976,Fruit,Pounds,Watermelon,12.63,,12.63,,,,,,,,,
1977,Fruit,Pounds,Watermelon,12.62,,12.62,,,,,,,,,
1978,Fruit,Pounds,Watermelon,11.89,,11.89,,,,,,,,,
1979,Fruit,Pounds,Watermelon,11.4,,11.4,,,,,,,,,
1980,Fruit,Pounds,Watermelon,10.65,,10.65,,,,,,,,,
1981,Fruit,Pounds,Watermelon,11.65,,11.65,,,,,,,,,
1982,Fruit,Pounds,Watermelon,12.48,,12.48,,,,,,,,,
1983,Fruit,Pounds,Watermelon,11.31,,11.31,,,,,,,,,
1984,Fruit,Pounds,Watermelon,14.42,,14.42,,,,,,,,,
1985,Fruit,Pounds,Watermelon,13.5,,13.5,,,,,,,,,
1986,Fruit,Pounds,Watermelon,12.75,,12.75,,,,,,,,,
1987,Fruit,Pounds,Watermelon,12.98,,12.98,,,,,,,,,
1988,Fruit,Pounds,Watermelon,13.55,,13.55,,,,,,,,,
1989,Fruit,Pounds,Watermelon,13.62,,13.62,,,,,,,,,
1990,Fruit,Pounds,Watermelon,13.28,,13.28,,,,,,,,,
1991,Fruit,Pounds,Watermelon,12.73,,12.73,,,,,,,,,
1992,Fruit,Pounds,Watermelon,14.7,,14.7,,,,,,,,,
1993,Fruit,Pounds,Watermelon,14.19,,14.19,,,,,,,,,
1994,Fruit,Pounds,Watermelon,15,,15,,,,,,,,,
1995,Fruit,Pounds,Watermelon,15.16,,15.16,,,,,,,,,
1996,Fruit,Pounds,Watermelon,16.58,,16.58,,,,,,,,,
1997,Fruit,Pounds,Watermelon,15.49,,15.49,,,,,,,,,
1998,Fruit,Pounds,Watermelon,14.34,,14.34,,,,,,,,,
1999,Fruit,Pounds,Watermelon,15.21,,15.21,,,,,,,,,
2000,Fruit,Pounds,Watermelon,13.82,,13.82,,,,,,,,,
2001,Fruit,Pounds,Watermelon,15.01,,15.01,,,,,,,,,
2002,Fruit,Pounds,Watermelon,14.04,,14.04,,,,,,,,,
2003,Fruit,Pounds,Watermelon,13.54,,13.54,,,,,,,,,
2004,Fruit,Pounds,Watermelon,12.99,,12.99,,,,,,,,,
2005,Fruit,Pounds,Watermelon,13.55,,13.55,,,,,,,,,
2006,Fruit,Pounds,Watermelon,15.12,,15.12,,,,,,,,,
2007,Fruit,Pounds,Watermelon,14.41,,14.41,,,,,,,,,
2008,Fruit,Pounds,Watermelon,15.56,,15.56,,,,,,,,,
2009,Fruit,Pounds,Watermelon,14.92,,14.92,,,,,,,,,
2010,Fruit,Pounds,Watermelon,15.7,,15.7,,,,,,,,,
2011,Fruit,Pounds,Watermelon,13.82,,13.82,,,,,,,,,
2012,Fruit,Pounds,Watermelon,13.88,,13.88,,,,,,,,,
2013,Fruit,Pounds,Watermelon,14.47,,14.47,,,,,,,,,
2014,Fruit,Pounds,Watermelon,13.9,,13.9,,,,,,,,,
2015,Fruit,Pounds,Watermelon,14.86,,14.86,,,,,,,,,
2016,Fruit,Pounds,Watermelon,16.61,,16.61,,,,,,,,,
